[INFO] Scanning for projects...
[INFO] 
[INFO] -----------< com.sritulasinivas:apartment-management-system >-----------
[INFO] Building Sri Tulasi Nivas - Apartment Management System 1.0.0
[INFO]   from pom.xml
[INFO] --------------------------------[ jar ]---------------------------------
[INFO] 
[INFO] >>> spring-boot-maven-plugin:3.2.2:run (default-cli) > test-compile @ apartment-management-system >>>
[INFO] 
[INFO] --- maven-resources-plugin:3.3.1:resources (default-resources) @ apartment-management-system ---
[INFO] Copying 2 resources from src\main\resources to target\classes
[INFO] Copying 0 resource from src\main\resources to target\classes
[INFO] 
[INFO] --- maven-compiler-plugin:3.11.0:compile (default-compile) @ apartment-management-system ---
[INFO] Nothing to compile - all classes are up to date
[INFO] 
[INFO] --- maven-resources-plugin:3.3.1:testResources (default-testResources) @ apartment-management-system ---
[INFO] skip non existing resourceDirectory E:\AITesterBluePrint\SriTulasiNivas\Sri-Tulasi-Nivas-00\backend\src\test\resources
[INFO] 
[INFO] --- maven-compiler-plugin:3.11.0:testCompile (default-testCompile) @ apartment-management-system ---
[INFO] No sources to compile
[INFO] 
[INFO] <<< spring-boot-maven-plugin:3.2.2:run (default-cli) < test-compile @ apartment-management-system <<<
[INFO] 
[INFO] 
[INFO] --- spring-boot-maven-plugin:3.2.2:run (default-cli) @ apartment-management-system ---
[INFO] Attaching agents: []

  .   ____          _            __ _ _
 /\\ / ___'_ __ _ _(_)_ __  __ _ \ \ \ \
( ( )\___ | '_ | '_| | '_ \/ _` | \ \ \ \
 \\/  ___)| |_)| | | | | || (_| |  ) ) ) )
  '  |____| .__|_| |_|_| |_\__, | / / / /
 =========|_|==============|___/=/_/_/_/
 :: Spring Boot ::                (v3.2.2)

2026-05-24 22:29:43 - Starting SriTulasiNivasApplication using Java 17.0.12 with PID 38952 (E:\AITesterBluePrint\SriTulasiNivas\Sri-Tulasi-Nivas-00\backend\target\classes started by nagar in E:\AITesterBluePrint\SriTulasiNivas\Sri-Tulasi-Nivas-00\backend)
2026-05-24 22:29:43 - Running with Spring Boot v3.2.2, Spring v6.1.3
2026-05-24 22:29:43 - The following 1 profile is active: "local"
2026-05-24 22:29:44 - Bootstrapping Spring Data JPA repositories in DEFAULT mode.
2026-05-24 22:29:45 - Finished Spring Data repository scanning in 197 ms. Found 17 JPA repository interfaces.
2026-05-24 22:29:45 - Tomcat initialized with port 8080 (http)
2026-05-24 22:29:45 - Starting service [Tomcat]
2026-05-24 22:29:45 - Starting Servlet engine: [Apache Tomcat/10.1.18]
2026-05-24 22:29:45 - Initializing Spring embedded WebApplicationContext
2026-05-24 22:29:45 - Root WebApplicationContext: initialization completed in 1874 ms
2026-05-24 22:29:45 - HikariPool-1 - Starting...
2026-05-24 22:29:46 - HikariPool-1 - Added connection conn0: url=jdbc:h2:mem:sri_tulasi_nivas user=SA
2026-05-24 22:29:46 - HikariPool-1 - Start completed.
2026-05-24 22:29:46 - H2 console available at '/h2-console'. Database available at 'jdbc:h2:mem:sri_tulasi_nivas'
2026-05-24 22:29:46 - HHH000204: Processing PersistenceUnitInfo [name: default]
2026-05-24 22:29:46 - HHH000412: Hibernate ORM core version 6.4.1.Final
2026-05-24 22:29:46 - HHH000026: Second-level cache disabled
2026-05-24 22:29:46 - No LoadTimeWeaver setup: ignoring JPA class transformer
2026-05-24 22:29:46 - HHH90000025: H2Dialect does not need to be specified explicitly using 'hibernate.dialect' (remove the property setting and it will be selected by default)
2026-05-24 22:29:48 - HHH000489: No JTA platform available (set 'hibernate.transaction.jta.platform' to enable JTA platform integration)
Hibernate: 
    create table apartments (
        id bigint generated by default as identity,
        amenities TEXT,
        area numeric(38,2) not null,
        bathrooms integer not null,
        bedrooms integer not null,
        created_at timestamp(6) not null,
        description TEXT,
        floor integer not null,
        maintenance_fee numeric(38,2) not null,
        status varchar(255) check (status in ('AVAILABLE','OCCUPIED','MAINTENANCE','UNAVAILABLE')),
        unit_number varchar(255) not null,
        updated_at timestamp(6) not null,
        owner_id bigint not null,
        primary key (id)
    )
Hibernate: 
    create table committee_members (
        id uuid not null,
        created_at timestamp(6),
        email varchar(255),
        flat_no varchar(255),
        is_active boolean,
        name varchar(255) not null,
        notes TEXT,
        phone varchar(255),
        role varchar(255) not null,
        term_duration varchar(255),
        term_end date not null,
        term_start date not null,
        updated_at timestamp(6),
        primary key (id)
    )
Hibernate: 
    create table contacts (
        id uuid not null,
        alternate_phone varchar(255),
        available_hours varchar(255),
        block varchar(255),
        email varchar(255),
        is_active boolean,
        name varchar(255) not null,
        notes TEXT,
        phone varchar(255) not null,
        role varchar(255) not null,
        updated_at timestamp(6),
        primary key (id)
    )
Hibernate: 
    create table event_contributions (
        id bigint generated by default as identity,
        amount numeric(38,2) not null,
        contributed_at timestamp(6) not null,
        payment_intent_id varchar(255),
        status varchar(255) not null,
        event_id bigint not null,
        user_id bigint not null,
        primary key (id)
    )
Hibernate: 
    create table event_rsvps (
        id bigint generated by default as identity,
        created_at timestamp(6),
        rsvp_status varchar(255) not null check (rsvp_status in ('INTERESTED','NOT_INTERESTED','NOT_AVAILABLE','OTHER_PLANS')),
        updated_at timestamp(6),
        event_id bigint not null,
        user_id bigint not null,
        primary key (id)
    )
Hibernate: 
    create table events (
        id bigint generated by default as identity,
        created_at timestamp(6) not null,
        description TEXT,
        estimated_budget numeric(38,2) not null,
        event_date timestamp(6) not null,
        festival_link varchar(500),
        initiated_by varchar(255),
        location varchar(255) not null,
        status varchar(255) check (status in ('PLANNED','ONGOING','COMPLETED','CANCELLED')),
        title varchar(255) not null,
        updated_at timestamp(6) not null,
        primary key (id)
    )
Hibernate: 
    create table flat_details (
        id uuid not null,
        created_at timestamp(6),
        flat_no varchar(255) not null,
        is_occupied boolean,
        notes TEXT,
        occupant_type varchar(255),
        owner_email varchar(255),
        owner_name varchar(255) not null,
        owner_phone varchar(255),
        tenant_email varchar(255),
        tenant_name varchar(255),
        tenant_phone varchar(255),
        updated_at timestamp(6),
        primary key (id)
    )
Hibernate: 
    create table funds (
        id uuid not null,
        amount numeric(38,2) not null,
        approved_by varchar(255),
        category varchar(255) not null,
        created_at timestamp(6),
        date date not null,
        description TEXT,
        receipt_no varchar(255),
        received_from varchar(255),
        sub_category varchar(255),
        type varchar(255) not null,
        primary key (id)
    )
Hibernate: 
    create table issues (
        id uuid not null,
        assigned_to varchar(255),
        category varchar(255) not null,
        created_at timestamp(6),
        description TEXT not null,
        flat_no varchar(255) not null,
        priority varchar(255),
        reported_by varchar(255),
        resolution_notes TEXT,
        resolved_at timestamp(6),
        status varchar(255),
        updated_at timestamp(6),
        primary key (id)
    )
Hibernate: 
    create table loan_repayments (
        id uuid not null,
        amount numeric(38,2) not null,
        created_at timestamp(6),
        interest_portion numeric(38,2) not null,
        loan_id uuid not null,
        notes TEXT,
        outstanding_after numeric(38,2),
        principal_portion numeric(38,2) not null,
        repayment_date date not null,
        primary key (id)
    )
Hibernate: 
    create table maintenance (
        id uuid not null,
        amount numeric(38,2) not null,
        created_at timestamp(6),
        flat_no varchar(255) not null,
        month varchar(255) not null,
        notes TEXT,
        paid_date date,
        paid_status varchar(255),
        payment_mode varchar(255),
        receipt_no varchar(255),
        resident_name varchar(255),
        updated_at timestamp(6),
        year integer not null,
        primary key (id)
    )
Hibernate: 
    create table maintenance_settings (
        id uuid not null,
        amount numeric(38,2) not null,
        created_at timestamp(6),
        decided_by varchar(255),
        decided_date date,
        month varchar(255) not null,
        notes TEXT,
        updated_at timestamp(6),
        year integer not null,
        primary key (id)
    )
Hibernate: 
    create table meetings (
        id uuid not null,
        action_items TEXT,
        action_owners TEXT,
        agenda_points TEXT,
        attendees integer not null,
        created_at timestamp(6),
        date date not null,
        immediate_notify boolean not null,
        mom_points TEXT,
        notification_sent boolean default false,
        notify_type varchar(255),
        recipients TEXT,
        reminder_option varchar(255),
        reminder_sent boolean default false,
        status varchar(255),
        time varchar(255),
        title varchar(255) not null,
        venue varchar(255),
        primary key (id)
    )
Hibernate: 
    create table member_loans (
        id uuid not null,
        created_at timestamp(6),
        duration_months integer not null,
        expected_return_date date,
        flat_no varchar(255) not null,
        interest_rate numeric(38,2) not null,
        member_name varchar(255) not null,
        notes TEXT,
        outstanding_principal numeric(38,2) not null,
        principal_amount numeric(38,2) not null,
        start_date date not null,
        status varchar(255),
        total_interest_paid numeric(38,2),
        total_principal_paid numeric(38,2),
        updated_at timestamp(6),
        primary key (id)
    )
Hibernate: 
    create table tenant_apartments (
        id bigint generated by default as identity,
        created_at timestamp(6) not null,
        lease_end_date timestamp(6),
        lease_start_date timestamp(6),
        status varchar(255) check (status in ('ACTIVE','INACTIVE','TERMINATED')),
        updated_at timestamp(6) not null,
        apartment_id bigint not null,
        tenant_id bigint not null,
        primary key (id)
    )
Hibernate: 
    create table updates (
        id uuid not null,
        body TEXT,
        category varchar(255),
        created_at timestamp(6),
        posted_by varchar(255),
        priority varchar(255),
        status varchar(255),
        title varchar(255) not null,
        primary key (id)
    )
Hibernate: 
    create table users (
        id bigint generated by default as identity,
        created_at timestamp(6) not null,
        email varchar(255) not null,
        email_verified boolean,
        first_name varchar(255) not null,
        flat_no varchar(255),
        is_active boolean,
        last_name varchar(255) not null,
        password varchar(255) not null,
        phone varchar(255),
        role varchar(255) not null check (role in ('ADMIN','TREASURER','OWNER','TENANT','GUEST')),
        token_expires_at timestamp(6),
        updated_at timestamp(6) not null,
        verification_token varchar(255),
        whatsapp_api_key varchar(255),
        primary key (id)
    )
Hibernate: 
    alter table if exists event_rsvps 
       drop constraint if exists UK4oikdne1lrx1lo5336wm8y6sw
Hibernate: 
    alter table if exists event_rsvps 
       add constraint UK4oikdne1lrx1lo5336wm8y6sw unique (event_id, user_id)
Hibernate: 
    alter table if exists flat_details 
       drop constraint if exists UK_p03ok9ekhow13kxs2imkysg5k
Hibernate: 
    alter table if exists flat_details 
       add constraint UK_p03ok9ekhow13kxs2imkysg5k unique (flat_no)
Hibernate: 
    alter table if exists maintenance_settings 
       drop constraint if exists UKhs1uc69p5g5lv6pk1r6jcnnu
Hibernate: 
    alter table if exists maintenance_settings 
       add constraint UKhs1uc69p5g5lv6pk1r6jcnnu unique (month, year)
Hibernate: 
    alter table if exists users 
       drop constraint if exists UK6dotkott2kjsp8vw4d0m25fb7
Hibernate: 
    alter table if exists users 
       add constraint UK6dotkott2kjsp8vw4d0m25fb7 unique (email)
Hibernate: 
    alter table if exists users 
       drop constraint if exists UKdu5v5sr43g5bfnji4vb8hg5s3
Hibernate: 
    alter table if exists users 
       add constraint UKdu5v5sr43g5bfnji4vb8hg5s3 unique (phone)
Hibernate: 
    alter table if exists apartments 
       add constraint FKk7g63xr64wwgqxylhoslh09t2 
       foreign key (owner_id) 
       references users
Hibernate: 
    alter table if exists event_contributions 
       add constraint FKgokkjdoaybx68il8ima3ws23e 
       foreign key (event_id) 
       references events
Hibernate: 
    alter table if exists event_contributions 
       add constraint FK5aotmchaxamwynafo4uvx5fty 
       foreign key (user_id) 
       references users
Hibernate: 
    alter table if exists event_rsvps 
       add constraint FK46d4781rhlidxpk7m9qg0eqsy 
       foreign key (event_id) 
       references events
Hibernate: 
    alter table if exists event_rsvps 
       add constraint FKe51sdypclsvg35oo2iscsxa3v 
       foreign key (user_id) 
       references users
Hibernate: 
    alter table if exists tenant_apartments 
       add constraint FKhjg8w0b9x6wp9g92p7g11cr5g 
       foreign key (apartment_id) 
       references apartments
Hibernate: 
    alter table if exists tenant_apartments 
       add constraint FKiusu4okov9hdth4o3jfc55rxb 
       foreign key (tenant_id) 
       references users
2026-05-24 22:29:48 - Initialized JPA EntityManagerFactory for persistence unit 'default'
2026-05-24 22:29:49 - Filter 'jwtAuthenticationFilter' configured for use
2026-05-24 22:29:49 - Hibernate is in classpath; If applicable, HQL parser will be used.
2026-05-24 22:29:50 - Will secure any request with [org.springframework.security.web.session.DisableEncodeUrlFilter@401e36ab, org.springframework.security.web.context.request.async.WebAsyncManagerIntegrationFilter@4ce66169, org.springframework.security.web.context.SecurityContextHolderFilter@41cfcbb5, org.springframework.security.web.header.HeaderWriterFilter@3b0471a5, org.springframework.web.filter.CorsFilter@53d0cf4d, org.springframework.security.web.authentication.logout.LogoutFilter@5aad4194, com.sritulasinivas.security.JwtAuthenticationFilter@3e3c6323, org.springframework.security.web.savedrequest.RequestCacheAwareFilter@3b42d7df, org.springframework.security.web.servletapi.SecurityContextHolderAwareRequestFilter@1660bba7, org.springframework.security.web.authentication.AnonymousAuthenticationFilter@3c6c87fa, org.springframework.security.web.session.SessionManagementFilter@674cd2da, org.springframework.security.web.access.ExceptionTranslationFilter@3022287e, org.springframework.security.web.access.intercept.AuthorizationFilter@5ed83e36]
2026-05-24 22:29:50 - Tomcat started on port 8080 (http) with context path '/api'
2026-05-24 22:29:50 - Started SriTulasiNivasApplication in 7.475 seconds (process running for 7.915)
Hibernate: 
    select
        m1_0.id,
        m1_0.action_items,
        m1_0.action_owners,
        m1_0.agenda_points,
        m1_0.attendees,
        m1_0.created_at,
        m1_0.date,
        m1_0.immediate_notify,
        m1_0.mom_points,
        m1_0.notification_sent,
        m1_0.notify_type,
        m1_0.recipients,
        m1_0.reminder_option,
        m1_0.reminder_sent,
        m1_0.status,
        m1_0.time,
        m1_0.title,
        m1_0.venue 
    from
        meetings m1_0 
    where
        not(m1_0.reminder_sent) 
        and m1_0.status<>?
2026-05-24 22:29:59 - Initializing Spring DispatcherServlet 'dispatcherServlet'
2026-05-24 22:29:59 - Initializing Servlet 'dispatcherServlet'
2026-05-24 22:29:59 - Completed initialization in 0 ms
Hibernate: 
    select
        e1_0.id,
        e1_0.created_at,
        e1_0.description,
        e1_0.estimated_budget,
        e1_0.event_date,
        e1_0.festival_link,
        e1_0.initiated_by,
        e1_0.location,
        e1_0.status,
        e1_0.title,
        e1_0.updated_at 
    from
        events e1_0 
    where
        e1_0.event_date>? 
    offset
        ? rows 
    fetch
        first ? rows only
Hibernate: 
    select
        a1_0.id,
        a1_0.amenities,
        a1_0.area,
        a1_0.bathrooms,
        a1_0.bedrooms,
        a1_0.created_at,
        a1_0.description,
        a1_0.floor,
        a1_0.maintenance_fee,
        a1_0.owner_id,
        a1_0.status,
        a1_0.unit_number,
        a1_0.updated_at 
    from
        apartments a1_0 
    where
        a1_0.status=? 
    offset
        ? rows 
    fetch
        first ? rows only
Hibernate: 
    select
        u1_0.id 
    from
        users u1_0 
    where
        u1_0.email=? 
    fetch
        first ? rows only
Hibernate: 
    select
        u1_0.id 
    from
        users u1_0 
    where
        u1_0.phone is null 
    fetch
        first ? rows only
Hibernate: 
    insert 
    into
        users
        (created_at, email, email_verified, first_name, flat_no, is_active, last_name, password, phone, role, token_expires_at, updated_at, verification_token, whatsapp_api_key, id) 
    values
        (?, ?, ?, ?, ?, ?, ?, ?, ?, ?, ?, ?, ?, ?, default)
2026-05-24 22:30:29 - SQL Error: 23502, SQLState: 23502
2026-05-24 22:30:29 - NULL not allowed for column "FIRST_NAME"; SQL statement:
insert into users (created_at,email,email_verified,first_name,flat_no,is_active,last_name,password,phone,role,token_expires_at,updated_at,verification_token,whatsapp_api_key,id) values (?,?,?,?,?,?,?,?,?,?,?,?,?,?,default) [23502-224]
Hibernate: 
    select
        u1_0.id,
        u1_0.created_at,
        u1_0.email,
        u1_0.email_verified,
        u1_0.first_name,
        u1_0.flat_no,
        u1_0.is_active,
        u1_0.last_name,
        u1_0.password,
        u1_0.phone,
        u1_0.role,
        u1_0.token_expires_at,
        u1_0.updated_at,
        u1_0.verification_token,
        u1_0.whatsapp_api_key 
    from
        users u1_0 
    where
        u1_0.email=?
Hibernate: 
    select
        u1_0.id,
        u1_0.created_at,
        u1_0.email,
        u1_0.email_verified,
        u1_0.first_name,
        u1_0.flat_no,
        u1_0.is_active,
        u1_0.last_name,
        u1_0.password,
        u1_0.phone,
        u1_0.role,
        u1_0.token_expires_at,
        u1_0.updated_at,
        u1_0.verification_token,
        u1_0.whatsapp_api_key 
    from
        users u1_0 
    where
        u1_0.email=?
Hibernate: 
    select
        u1_0.id 
    from
        users u1_0 
    where
        u1_0.email=? 
    fetch
        first ? rows only
Hibernate: 
    select
        u1_0.id 
    from
        users u1_0 
    where
        u1_0.phone is null 
    fetch
        first ? rows only
Hibernate: 
    insert 
    into
        users
        (created_at, email, email_verified, first_name, flat_no, is_active, last_name, password, phone, role, token_expires_at, updated_at, verification_token, whatsapp_api_key, id) 
    values
        (?, ?, ?, ?, ?, ?, ?, ?, ?, ?, ?, ?, ?, ?, default)
Hibernate: 
    update
        users 
    set
        email=?,
        email_verified=?,
        first_name=?,
        flat_no=?,
        is_active=?,
        last_name=?,
        password=?,
        phone=?,
        role=?,
        token_expires_at=?,
        updated_at=?,
        verification_token=?,
        whatsapp_api_key=? 
    where
        id=?
Hibernate: 
    select
        u1_0.id,
        u1_0.created_at,
        u1_0.email,
        u1_0.email_verified,
        u1_0.first_name,
        u1_0.flat_no,
        u1_0.is_active,
        u1_0.last_name,
        u1_0.password,
        u1_0.phone,
        u1_0.role,
        u1_0.token_expires_at,
        u1_0.updated_at,
        u1_0.verification_token,
        u1_0.whatsapp_api_key 
    from
        users u1_0 
    where
        u1_0.email=?
Hibernate: 
    select
        u1_0.id,
        u1_0.created_at,
        u1_0.email,
        u1_0.email_verified,
        u1_0.first_name,
        u1_0.flat_no,
        u1_0.is_active,
        u1_0.last_name,
        u1_0.password,
        u1_0.phone,
        u1_0.role,
        u1_0.token_expires_at,
        u1_0.updated_at,
        u1_0.verification_token,
        u1_0.whatsapp_api_key 
    from
        users u1_0 
    where
        u1_0.email=?
Hibernate: 
    select
        m1_0.id,
        m1_0.action_items,
        m1_0.action_owners,
        m1_0.agenda_points,
        m1_0.attendees,
        m1_0.created_at,
        m1_0.date,
        m1_0.immediate_notify,
        m1_0.mom_points,
        m1_0.notification_sent,
        m1_0.notify_type,
        m1_0.recipients,
        m1_0.reminder_option,
        m1_0.reminder_sent,
        m1_0.status,
        m1_0.time,
        m1_0.title,
        m1_0.venue 
    from
        meetings m1_0 
    where
        not(m1_0.reminder_sent) 
        and m1_0.status<>?
Hibernate: 
    select
        m1_0.id,
        m1_0.action_items,
        m1_0.action_owners,
        m1_0.agenda_points,
        m1_0.attendees,
        m1_0.created_at,
        m1_0.date,
        m1_0.immediate_notify,
        m1_0.mom_points,
        m1_0.notification_sent,
        m1_0.notify_type,
        m1_0.recipients,
        m1_0.reminder_option,
        m1_0.reminder_sent,
        m1_0.status,
        m1_0.time,
        m1_0.title,
        m1_0.venue 
    from
        meetings m1_0 
    where
        not(m1_0.reminder_sent) 
        and m1_0.status<>?
Hibernate: 
    select
        u1_0.id,
        u1_0.created_at,
        u1_0.email,
        u1_0.email_verified,
        u1_0.first_name,
        u1_0.flat_no,
        u1_0.is_active,
        u1_0.last_name,
        u1_0.password,
        u1_0.phone,
        u1_0.role,
        u1_0.token_expires_at,
        u1_0.updated_at,
        u1_0.verification_token,
        u1_0.whatsapp_api_key 
    from
        users u1_0 
    where
        u1_0.email=?
Hibernate: 
    select
        u1_0.id,
        u1_0.created_at,
        u1_0.email,
        u1_0.email_verified,
        u1_0.first_name,
        u1_0.flat_no,
        u1_0.is_active,
        u1_0.last_name,
        u1_0.password,
        u1_0.phone,
        u1_0.role,
        u1_0.token_expires_at,
        u1_0.updated_at,
        u1_0.verification_token,
        u1_0.whatsapp_api_key 
    from
        users u1_0 
    where
        u1_0.email=?
Hibernate: 
    select
        m1_0.id,
        m1_0.action_items,
        m1_0.action_owners,
        m1_0.agenda_points,
        m1_0.attendees,
        m1_0.created_at,
        m1_0.date,
        m1_0.immediate_notify,
        m1_0.mom_points,
        m1_0.notification_sent,
        m1_0.notify_type,
        m1_0.recipients,
        m1_0.reminder_option,
        m1_0.reminder_sent,
        m1_0.status,
        m1_0.time,
        m1_0.title,
        m1_0.venue 
    from
        meetings m1_0 
    where
        not(m1_0.reminder_sent) 
        and m1_0.status<>?
Hibernate: 
    select
        m1_0.id,
        m1_0.action_items,
        m1_0.action_owners,
        m1_0.agenda_points,
        m1_0.attendees,
        m1_0.created_at,
        m1_0.date,
        m1_0.immediate_notify,
        m1_0.mom_points,
        m1_0.notification_sent,
        m1_0.notify_type,
        m1_0.recipients,
        m1_0.reminder_option,
        m1_0.reminder_sent,
        m1_0.status,
        m1_0.time,
        m1_0.title,
        m1_0.venue 
    from
        meetings m1_0 
    where
        not(m1_0.reminder_sent) 
        and m1_0.status<>?
Hibernate: 
    select
        m1_0.id,
        m1_0.action_items,
        m1_0.action_owners,
        m1_0.agenda_points,
        m1_0.attendees,
        m1_0.created_at,
        m1_0.date,
        m1_0.immediate_notify,
        m1_0.mom_points,
        m1_0.notification_sent,
        m1_0.notify_type,
        m1_0.recipients,
        m1_0.reminder_option,
        m1_0.reminder_sent,
        m1_0.status,
        m1_0.time,
        m1_0.title,
        m1_0.venue 
    from
        meetings m1_0 
    where
        not(m1_0.reminder_sent) 
        and m1_0.status<>?
Hibernate: 
    select
        m1_0.id,
        m1_0.action_items,
        m1_0.action_owners,
        m1_0.agenda_points,
        m1_0.attendees,
        m1_0.created_at,
        m1_0.date,
        m1_0.immediate_notify,
        m1_0.mom_points,
        m1_0.notification_sent,
        m1_0.notify_type,
        m1_0.recipients,
        m1_0.reminder_option,
        m1_0.reminder_sent,
        m1_0.status,
        m1_0.time,
        m1_0.title,
        m1_0.venue 
    from
        meetings m1_0 
    where
        not(m1_0.reminder_sent) 
        and m1_0.status<>?
Hibernate: 
    select
        u1_0.id 
    from
        users u1_0 
    where
        u1_0.email=? 
    fetch
        first ? rows only
Hibernate: 
    select
        u1_0.id 
    from
        users u1_0 
    where
        u1_0.phone=? 
    fetch
        first ? rows only
Hibernate: 
    insert 
    into
        users
        (created_at, email, email_verified, first_name, flat_no, is_active, last_name, password, phone, role, token_expires_at, updated_at, verification_token, whatsapp_api_key, id) 
    values
        (?, ?, ?, ?, ?, ?, ?, ?, ?, ?, ?, ?, ?, ?, default)
Hibernate: 
    update
        users 
    set
        email=?,
        email_verified=?,
        first_name=?,
        flat_no=?,
        is_active=?,
        last_name=?,
        password=?,
        phone=?,
        role=?,
        token_expires_at=?,
        updated_at=?,
        verification_token=?,
        whatsapp_api_key=? 
    where
        id=?
Hibernate: 
    select
        u1_0.id,
        u1_0.created_at,
        u1_0.email,
        u1_0.email_verified,
        u1_0.first_name,
        u1_0.flat_no,
        u1_0.is_active,
        u1_0.last_name,
        u1_0.password,
        u1_0.phone,
        u1_0.role,
        u1_0.token_expires_at,
        u1_0.updated_at,
        u1_0.verification_token,
        u1_0.whatsapp_api_key 
    from
        users u1_0 
    where
        u1_0.email=?
Hibernate: 
    select
        u1_0.id,
        u1_0.created_at,
        u1_0.email,
        u1_0.email_verified,
        u1_0.first_name,
        u1_0.flat_no,
        u1_0.is_active,
        u1_0.last_name,
        u1_0.password,
        u1_0.phone,
        u1_0.role,
        u1_0.token_expires_at,
        u1_0.updated_at,
        u1_0.verification_token,
        u1_0.whatsapp_api_key 
    from
        users u1_0 
    where
        u1_0.email=?
Hibernate: 
    select
        u1_0.id,
        u1_0.created_at,
        u1_0.email,
        u1_0.email_verified,
        u1_0.first_name,
        u1_0.flat_no,
        u1_0.is_active,
        u1_0.last_name,
        u1_0.password,
        u1_0.phone,
        u1_0.role,
        u1_0.token_expires_at,
        u1_0.updated_at,
        u1_0.verification_token,
        u1_0.whatsapp_api_key 
    from
        users u1_0 
    where
        u1_0.email=?
Hibernate: 
    select
        u1_0.id,
        u1_0.created_at,
        u1_0.email,
        u1_0.email_verified,
        u1_0.first_name,
        u1_0.flat_no,
        u1_0.is_active,
        u1_0.last_name,
        u1_0.password,
        u1_0.phone,
        u1_0.role,
        u1_0.token_expires_at,
        u1_0.updated_at,
        u1_0.verification_token,
        u1_0.whatsapp_api_key 
    from
        users u1_0 
    where
        u1_0.email=?
Hibernate: 
    select
        u1_0.id,
        u1_0.created_at,
        u1_0.email,
        u1_0.email_verified,
        u1_0.first_name,
        u1_0.flat_no,
        u1_0.is_active,
        u1_0.last_name,
        u1_0.password,
        u1_0.phone,
        u1_0.role,
        u1_0.token_expires_at,
        u1_0.updated_at,
        u1_0.verification_token,
        u1_0.whatsapp_api_key 
    from
        users u1_0 
    where
        u1_0.email=?
Hibernate: 
    select
        u1_0.id,
        u1_0.created_at,
        u1_0.email,
        u1_0.email_verified,
        u1_0.first_name,
        u1_0.flat_no,
        u1_0.is_active,
        u1_0.last_name,
        u1_0.password,
        u1_0.phone,
        u1_0.role,
        u1_0.token_expires_at,
        u1_0.updated_at,
        u1_0.verification_token,
        u1_0.whatsapp_api_key 
    from
        users u1_0 
    where
        u1_0.email=?
Hibernate: 
    select
        u1_0.id,
        u1_0.created_at,
        u1_0.email,
        u1_0.email_verified,
        u1_0.first_name,
        u1_0.flat_no,
        u1_0.is_active,
        u1_0.last_name,
        u1_0.password,
        u1_0.phone,
        u1_0.role,
        u1_0.token_expires_at,
        u1_0.updated_at,
        u1_0.verification_token,
        u1_0.whatsapp_api_key 
    from
        users u1_0 
    where
        u1_0.email=?
Hibernate: 
    select
        u1_0.id,
        u1_0.created_at,
        u1_0.email,
        u1_0.email_verified,
        u1_0.first_name,
        u1_0.flat_no,
        u1_0.is_active,
        u1_0.last_name,
        u1_0.password,
        u1_0.phone,
        u1_0.role,
        u1_0.token_expires_at,
        u1_0.updated_at,
        u1_0.verification_token,
        u1_0.whatsapp_api_key 
    from
        users u1_0 
    where
        u1_0.email=?
Hibernate: 
    select
        u1_0.id,
        u1_0.created_at,
        u1_0.email,
        u1_0.email_verified,
        u1_0.first_name,
        u1_0.flat_no,
        u1_0.is_active,
        u1_0.last_name,
        u1_0.password,
        u1_0.phone,
        u1_0.role,
        u1_0.token_expires_at,
        u1_0.updated_at,
        u1_0.verification_token,
        u1_0.whatsapp_api_key 
    from
        users u1_0 
    where
        u1_0.email=?
Hibernate: 
    select
        u1_0.id,
        u1_0.created_at,
        u1_0.email,
        u1_0.email_verified,
        u1_0.first_name,
        u1_0.flat_no,
        u1_0.is_active,
        u1_0.last_name,
        u1_0.password,
        u1_0.phone,
        u1_0.role,
        u1_0.token_expires_at,
        u1_0.updated_at,
        u1_0.verification_token,
        u1_0.whatsapp_api_key 
    from
        users u1_0 
    where
        u1_0.email=?
Hibernate: 
    select
        m1_0.id,
        m1_0.action_items,
        m1_0.action_owners,
        m1_0.agenda_points,
        m1_0.attendees,
        m1_0.created_at,
        m1_0.date,
        m1_0.immediate_notify,
        m1_0.mom_points,
        m1_0.notification_sent,
        m1_0.notify_type,
        m1_0.recipients,
        m1_0.reminder_option,
        m1_0.reminder_sent,
        m1_0.status,
        m1_0.time,
        m1_0.title,
        m1_0.venue 
    from
        meetings m1_0 
    where
        not(m1_0.reminder_sent) 
        and m1_0.status<>?
Hibernate: 
    select
        u1_0.id 
    from
        users u1_0 
    where
        u1_0.email=? 
    fetch
        first ? rows only
Hibernate: 
    select
        u1_0.id 
    from
        users u1_0 
    where
        u1_0.phone=? 
    fetch
        first ? rows only
Hibernate: 
    insert 
    into
        users
        (created_at, email, email_verified, first_name, flat_no, is_active, last_name, password, phone, role, token_expires_at, updated_at, verification_token, whatsapp_api_key, id) 
    values
        (?, ?, ?, ?, ?, ?, ?, ?, ?, ?, ?, ?, ?, ?, default)
Hibernate: 
    update
        users 
    set
        email=?,
        email_verified=?,
        first_name=?,
        flat_no=?,
        is_active=?,
        last_name=?,
        password=?,
        phone=?,
        role=?,
        token_expires_at=?,
        updated_at=?,
        verification_token=?,
        whatsapp_api_key=? 
    where
        id=?
Hibernate: 
    select
        u1_0.id,
        u1_0.created_at,
        u1_0.email,
        u1_0.email_verified,
        u1_0.first_name,
        u1_0.flat_no,
        u1_0.is_active,
        u1_0.last_name,
        u1_0.password,
        u1_0.phone,
        u1_0.role,
        u1_0.token_expires_at,
        u1_0.updated_at,
        u1_0.verification_token,
        u1_0.whatsapp_api_key 
    from
        users u1_0 
    where
        u1_0.email=?
Hibernate: 
    select
        u1_0.id,
        u1_0.created_at,
        u1_0.email,
        u1_0.email_verified,
        u1_0.first_name,
        u1_0.flat_no,
        u1_0.is_active,
        u1_0.last_name,
        u1_0.password,
        u1_0.phone,
        u1_0.role,
        u1_0.token_expires_at,
        u1_0.updated_at,
        u1_0.verification_token,
        u1_0.whatsapp_api_key 
    from
        users u1_0 
    where
        u1_0.email=?
Hibernate: 
    select
        u1_0.id,
        u1_0.created_at,
        u1_0.email,
        u1_0.email_verified,
        u1_0.first_name,
        u1_0.flat_no,
        u1_0.is_active,
        u1_0.last_name,
        u1_0.password,
        u1_0.phone,
        u1_0.role,
        u1_0.token_expires_at,
        u1_0.updated_at,
        u1_0.verification_token,
        u1_0.whatsapp_api_key 
    from
        users u1_0 
    where
        u1_0.email=?
Hibernate: 
    select
        u1_0.id,
        u1_0.created_at,
        u1_0.email,
        u1_0.email_verified,
        u1_0.first_name,
        u1_0.flat_no,
        u1_0.is_active,
        u1_0.last_name,
        u1_0.password,
        u1_0.phone,
        u1_0.role,
        u1_0.token_expires_at,
        u1_0.updated_at,
        u1_0.verification_token,
        u1_0.whatsapp_api_key 
    from
        users u1_0 
    where
        u1_0.email=?
Hibernate: 
    select
        u1_0.id 
    from
        users u1_0 
    where
        u1_0.email=? 
    fetch
        first ? rows only
Hibernate: 
    select
        m1_0.id,
        m1_0.action_items,
        m1_0.action_owners,
        m1_0.agenda_points,
        m1_0.attendees,
        m1_0.created_at,
        m1_0.date,
        m1_0.immediate_notify,
        m1_0.mom_points,
        m1_0.notification_sent,
        m1_0.notify_type,
        m1_0.recipients,
        m1_0.reminder_option,
        m1_0.reminder_sent,
        m1_0.status,
        m1_0.time,
        m1_0.title,
        m1_0.venue 
    from
        meetings m1_0 
    where
        not(m1_0.reminder_sent) 
        and m1_0.status<>?
Hibernate: 
    select
        m1_0.id,
        m1_0.action_items,
        m1_0.action_owners,
        m1_0.agenda_points,
        m1_0.attendees,
        m1_0.created_at,
        m1_0.date,
        m1_0.immediate_notify,
        m1_0.mom_points,
        m1_0.notification_sent,
        m1_0.notify_type,
        m1_0.recipients,
        m1_0.reminder_option,
        m1_0.reminder_sent,
        m1_0.status,
        m1_0.time,
        m1_0.title,
        m1_0.venue 
    from
        meetings m1_0 
    where
        not(m1_0.reminder_sent) 
        and m1_0.status<>?
Hibernate: 
    select
        u1_0.id,
        u1_0.created_at,
        u1_0.email,
        u1_0.email_verified,
        u1_0.first_name,
        u1_0.flat_no,
        u1_0.is_active,
        u1_0.last_name,
        u1_0.password,
        u1_0.phone,
        u1_0.role,
        u1_0.token_expires_at,
        u1_0.updated_at,
        u1_0.verification_token,
        u1_0.whatsapp_api_key 
    from
        users u1_0 
    where
        u1_0.email=?
Hibernate: 
    select
        u1_0.id,
        u1_0.created_at,
        u1_0.email,
        u1_0.email_verified,
        u1_0.first_name,
        u1_0.flat_no,
        u1_0.is_active,
        u1_0.last_name,
        u1_0.password,
        u1_0.phone,
        u1_0.role,
        u1_0.token_expires_at,
        u1_0.updated_at,
        u1_0.verification_token,
        u1_0.whatsapp_api_key 
    from
        users u1_0 
    where
        u1_0.email=?
Hibernate: 
    select
        u1_0.id,
        u1_0.created_at,
        u1_0.email,
        u1_0.email_verified,
        u1_0.first_name,
        u1_0.flat_no,
        u1_0.is_active,
        u1_0.last_name,
        u1_0.password,
        u1_0.phone,
        u1_0.role,
        u1_0.token_expires_at,
        u1_0.updated_at,
        u1_0.verification_token,
        u1_0.whatsapp_api_key 
    from
        users u1_0 
    where
        u1_0.email=?
Hibernate: 
    select
        u1_0.id,
        u1_0.created_at,
        u1_0.email,
        u1_0.email_verified,
        u1_0.first_name,
        u1_0.flat_no,
        u1_0.is_active,
        u1_0.last_name,
        u1_0.password,
        u1_0.phone,
        u1_0.role,
        u1_0.token_expires_at,
        u1_0.updated_at,
        u1_0.verification_token,
        u1_0.whatsapp_api_key 
    from
        users u1_0 
    where
        u1_0.email=?
Hibernate: 
    select
        u1_0.id,
        u1_0.created_at,
        u1_0.email,
        u1_0.email_verified,
        u1_0.first_name,
        u1_0.flat_no,
        u1_0.is_active,
        u1_0.last_name,
        u1_0.password,
        u1_0.phone,
        u1_0.role,
        u1_0.token_expires_at,
        u1_0.updated_at,
        u1_0.verification_token,
        u1_0.whatsapp_api_key 
    from
        users u1_0 
    where
        u1_0.email=?
Hibernate: 
    select
        m1_0.id,
        m1_0.action_items,
        m1_0.action_owners,
        m1_0.agenda_points,
        m1_0.attendees,
        m1_0.created_at,
        m1_0.date,
        m1_0.immediate_notify,
        m1_0.mom_points,
        m1_0.notification_sent,
        m1_0.notify_type,
        m1_0.recipients,
        m1_0.reminder_option,
        m1_0.reminder_sent,
        m1_0.status,
        m1_0.time,
        m1_0.title,
        m1_0.venue 
    from
        meetings m1_0 
    where
        not(m1_0.reminder_sent) 
        and m1_0.status<>?
Hibernate: 
    select
        u1_0.id,
        u1_0.created_at,
        u1_0.email,
        u1_0.email_verified,
        u1_0.first_name,
        u1_0.flat_no,
        u1_0.is_active,
        u1_0.last_name,
        u1_0.password,
        u1_0.phone,
        u1_0.role,
        u1_0.token_expires_at,
        u1_0.updated_at,
        u1_0.verification_token,
        u1_0.whatsapp_api_key 
    from
        users u1_0 
    where
        u1_0.email=?
Hibernate: 
    select
        u1_0.id,
        u1_0.created_at,
        u1_0.email,
        u1_0.email_verified,
        u1_0.first_name,
        u1_0.flat_no,
        u1_0.is_active,
        u1_0.last_name,
        u1_0.password,
        u1_0.phone,
        u1_0.role,
        u1_0.token_expires_at,
        u1_0.updated_at,
        u1_0.verification_token,
        u1_0.whatsapp_api_key 
    from
        users u1_0 
    where
        u1_0.email=?
Hibernate: 
    select
        m1_0.id,
        m1_0.action_items,
        m1_0.action_owners,
        m1_0.agenda_points,
        m1_0.attendees,
        m1_0.created_at,
        m1_0.date,
        m1_0.immediate_notify,
        m1_0.mom_points,
        m1_0.notification_sent,
        m1_0.notify_type,
        m1_0.recipients,
        m1_0.reminder_option,
        m1_0.reminder_sent,
        m1_0.status,
        m1_0.time,
        m1_0.title,
        m1_0.venue 
    from
        meetings m1_0 
    where
        not(m1_0.reminder_sent) 
        and m1_0.status<>?
Hibernate: 
    select
        u1_0.id,
        u1_0.created_at,
        u1_0.email,
        u1_0.email_verified,
        u1_0.first_name,
        u1_0.flat_no,
        u1_0.is_active,
        u1_0.last_name,
        u1_0.password,
        u1_0.phone,
        u1_0.role,
        u1_0.token_expires_at,
        u1_0.updated_at,
        u1_0.verification_token,
        u1_0.whatsapp_api_key 
    from
        users u1_0 
    where
        u1_0.email=?
Hibernate: 
    select
        u1_0.id,
        u1_0.created_at,
        u1_0.email,
        u1_0.email_verified,
        u1_0.first_name,
        u1_0.flat_no,
        u1_0.is_active,
        u1_0.last_name,
        u1_0.password,
        u1_0.phone,
        u1_0.role,
        u1_0.token_expires_at,
        u1_0.updated_at,
        u1_0.verification_token,
        u1_0.whatsapp_api_key 
    from
        users u1_0 
    where
        u1_0.email=?
Hibernate: 
    select
        u1_0.id,
        u1_0.created_at,
        u1_0.email,
        u1_0.email_verified,
        u1_0.first_name,
        u1_0.flat_no,
        u1_0.is_active,
        u1_0.last_name,
        u1_0.password,
        u1_0.phone,
        u1_0.role,
        u1_0.token_expires_at,
        u1_0.updated_at,
        u1_0.verification_token,
        u1_0.whatsapp_api_key 
    from
        users u1_0 
    where
        u1_0.email=?
Hibernate: 
    select
        u1_0.id,
        u1_0.created_at,
        u1_0.email,
        u1_0.email_verified,
        u1_0.first_name,
        u1_0.flat_no,
        u1_0.is_active,
        u1_0.last_name,
        u1_0.password,
        u1_0.phone,
        u1_0.role,
        u1_0.token_expires_at,
        u1_0.updated_at,
        u1_0.verification_token,
        u1_0.whatsapp_api_key 
    from
        users u1_0 
    where
        u1_0.email=?
Hibernate: 
    select
        u1_0.id,
        u1_0.created_at,
        u1_0.email,
        u1_0.email_verified,
        u1_0.first_name,
        u1_0.flat_no,
        u1_0.is_active,
        u1_0.last_name,
        u1_0.password,
        u1_0.phone,
        u1_0.role,
        u1_0.token_expires_at,
        u1_0.updated_at,
        u1_0.verification_token,
        u1_0.whatsapp_api_key 
    from
        users u1_0 
    where
        u1_0.email=?
Hibernate: 
    select
        u1_0.id,
        u1_0.created_at,
        u1_0.email,
        u1_0.email_verified,
        u1_0.first_name,
        u1_0.flat_no,
        u1_0.is_active,
        u1_0.last_name,
        u1_0.password,
        u1_0.phone,
        u1_0.role,
        u1_0.token_expires_at,
        u1_0.updated_at,
        u1_0.verification_token,
        u1_0.whatsapp_api_key 
    from
        users u1_0
Hibernate: 
    select
        u1_0.id,
        u1_0.created_at,
        u1_0.email,
        u1_0.email_verified,
        u1_0.first_name,
        u1_0.flat_no,
        u1_0.is_active,
        u1_0.last_name,
        u1_0.password,
        u1_0.phone,
        u1_0.role,
        u1_0.token_expires_at,
        u1_0.updated_at,
        u1_0.verification_token,
        u1_0.whatsapp_api_key 
    from
        users u1_0 
    where
        u1_0.email=?
Hibernate: 
    select
        u1_0.id,
        u1_0.created_at,
        u1_0.email,
        u1_0.email_verified,
        u1_0.first_name,
        u1_0.flat_no,
        u1_0.is_active,
        u1_0.last_name,
        u1_0.password,
        u1_0.phone,
        u1_0.role,
        u1_0.token_expires_at,
        u1_0.updated_at,
        u1_0.verification_token,
        u1_0.whatsapp_api_key 
    from
        users u1_0 
    where
        u1_0.email=?
Hibernate: 
    select
        u1_0.id,
        u1_0.created_at,
        u1_0.email,
        u1_0.email_verified,
        u1_0.first_name,
        u1_0.flat_no,
        u1_0.is_active,
        u1_0.last_name,
        u1_0.password,
        u1_0.phone,
        u1_0.role,
        u1_0.token_expires_at,
        u1_0.updated_at,
        u1_0.verification_token,
        u1_0.whatsapp_api_key 
    from
        users u1_0
Hibernate: 
    select
        u1_0.id,
        u1_0.created_at,
        u1_0.email,
        u1_0.email_verified,
        u1_0.first_name,
        u1_0.flat_no,
        u1_0.is_active,
        u1_0.last_name,
        u1_0.password,
        u1_0.phone,
        u1_0.role,
        u1_0.token_expires_at,
        u1_0.updated_at,
        u1_0.verification_token,
        u1_0.whatsapp_api_key 
    from
        users u1_0 
    where
        u1_0.email=?
Hibernate: 
    select
        u1_0.id,
        u1_0.created_at,
        u1_0.email,
        u1_0.email_verified,
        u1_0.first_name,
        u1_0.flat_no,
        u1_0.is_active,
        u1_0.last_name,
        u1_0.password,
        u1_0.phone,
        u1_0.role,
        u1_0.token_expires_at,
        u1_0.updated_at,
        u1_0.verification_token,
        u1_0.whatsapp_api_key 
    from
        users u1_0 
    where
        u1_0.email=?
Hibernate: 
    select
        u1_0.id,
        u1_0.created_at,
        u1_0.email,
        u1_0.email_verified,
        u1_0.first_name,
        u1_0.flat_no,
        u1_0.is_active,
        u1_0.last_name,
        u1_0.password,
        u1_0.phone,
        u1_0.role,
        u1_0.token_expires_at,
        u1_0.updated_at,
        u1_0.verification_token,
        u1_0.whatsapp_api_key 
    from
        users u1_0
Hibernate: 
    select
        u1_0.id,
        u1_0.created_at,
        u1_0.email,
        u1_0.email_verified,
        u1_0.first_name,
        u1_0.flat_no,
        u1_0.is_active,
        u1_0.last_name,
        u1_0.password,
        u1_0.phone,
        u1_0.role,
        u1_0.token_expires_at,
        u1_0.updated_at,
        u1_0.verification_token,
        u1_0.whatsapp_api_key 
    from
        users u1_0 
    where
        u1_0.email=?
Hibernate: 
    select
        u1_0.id,
        u1_0.created_at,
        u1_0.email,
        u1_0.email_verified,
        u1_0.first_name,
        u1_0.flat_no,
        u1_0.is_active,
        u1_0.last_name,
        u1_0.password,
        u1_0.phone,
        u1_0.role,
        u1_0.token_expires_at,
        u1_0.updated_at,
        u1_0.verification_token,
        u1_0.whatsapp_api_key 
    from
        users u1_0 
    where
        u1_0.email=?
Hibernate: 
    select
        u1_0.id,
        u1_0.created_at,
        u1_0.email,
        u1_0.email_verified,
        u1_0.first_name,
        u1_0.flat_no,
        u1_0.is_active,
        u1_0.last_name,
        u1_0.password,
        u1_0.phone,
        u1_0.role,
        u1_0.token_expires_at,
        u1_0.updated_at,
        u1_0.verification_token,
        u1_0.whatsapp_api_key 
    from
        users u1_0
Hibernate: 
    select
        u1_0.id,
        u1_0.created_at,
        u1_0.email,
        u1_0.email_verified,
        u1_0.first_name,
        u1_0.flat_no,
        u1_0.is_active,
        u1_0.last_name,
        u1_0.password,
        u1_0.phone,
        u1_0.role,
        u1_0.token_expires_at,
        u1_0.updated_at,
        u1_0.verification_token,
        u1_0.whatsapp_api_key 
    from
        users u1_0 
    where
        u1_0.email=?
Hibernate: 
    select
        m1_0.id,
        m1_0.action_items,
        m1_0.action_owners,
        m1_0.agenda_points,
        m1_0.attendees,
        m1_0.created_at,
        m1_0.date,
        m1_0.immediate_notify,
        m1_0.mom_points,
        m1_0.notification_sent,
        m1_0.notify_type,
        m1_0.recipients,
        m1_0.reminder_option,
        m1_0.reminder_sent,
        m1_0.status,
        m1_0.time,
        m1_0.title,
        m1_0.venue 
    from
        meetings m1_0 
    where
        not(m1_0.reminder_sent) 
        and m1_0.status<>?
Hibernate: 
    select
        m1_0.id,
        m1_0.action_items,
        m1_0.action_owners,
        m1_0.agenda_points,
        m1_0.attendees,
        m1_0.created_at,
        m1_0.date,
        m1_0.immediate_notify,
        m1_0.mom_points,
        m1_0.notification_sent,
        m1_0.notify_type,
        m1_0.recipients,
        m1_0.reminder_option,
        m1_0.reminder_sent,
        m1_0.status,
        m1_0.time,
        m1_0.title,
        m1_0.venue 
    from
        meetings m1_0 
    where
        not(m1_0.reminder_sent) 
        and m1_0.status<>?
Hibernate: 
    select
        u1_0.id,
        u1_0.created_at,
        u1_0.email,
        u1_0.email_verified,
        u1_0.first_name,
        u1_0.flat_no,
        u1_0.is_active,
        u1_0.last_name,
        u1_0.password,
        u1_0.phone,
        u1_0.role,
        u1_0.token_expires_at,
        u1_0.updated_at,
        u1_0.verification_token,
        u1_0.whatsapp_api_key 
    from
        users u1_0 
    where
        u1_0.email=?
Hibernate: 
    select
        u1_0.id,
        u1_0.created_at,
        u1_0.email,
        u1_0.email_verified,
        u1_0.first_name,
        u1_0.flat_no,
        u1_0.is_active,
        u1_0.last_name,
        u1_0.password,
        u1_0.phone,
        u1_0.role,
        u1_0.token_expires_at,
        u1_0.updated_at,
        u1_0.verification_token,
        u1_0.whatsapp_api_key 
    from
        users u1_0 
    where
        u1_0.email=?
Hibernate: 
    select
        u1_0.id,
        u1_0.created_at,
        u1_0.email,
        u1_0.email_verified,
        u1_0.first_name,
        u1_0.flat_no,
        u1_0.is_active,
        u1_0.last_name,
        u1_0.password,
        u1_0.phone,
        u1_0.role,
        u1_0.token_expires_at,
        u1_0.updated_at,
        u1_0.verification_token,
        u1_0.whatsapp_api_key 
    from
        users u1_0 
    where
        u1_0.email=?
Hibernate: 
    select
        u1_0.id,
        u1_0.created_at,
        u1_0.email,
        u1_0.email_verified,
        u1_0.first_name,
        u1_0.flat_no,
        u1_0.is_active,
        u1_0.last_name,
        u1_0.password,
        u1_0.phone,
        u1_0.role,
        u1_0.token_expires_at,
        u1_0.updated_at,
        u1_0.verification_token,
        u1_0.whatsapp_api_key 
    from
        users u1_0
Hibernate: 
    select
        u1_0.id,
        u1_0.created_at,
        u1_0.email,
        u1_0.email_verified,
        u1_0.first_name,
        u1_0.flat_no,
        u1_0.is_active,
        u1_0.last_name,
        u1_0.password,
        u1_0.phone,
        u1_0.role,
        u1_0.token_expires_at,
        u1_0.updated_at,
        u1_0.verification_token,
        u1_0.whatsapp_api_key 
    from
        users u1_0 
    where
        u1_0.email=?
Hibernate: 
    select
        u1_0.id,
        u1_0.created_at,
        u1_0.email,
        u1_0.email_verified,
        u1_0.first_name,
        u1_0.flat_no,
        u1_0.is_active,
        u1_0.last_name,
        u1_0.password,
        u1_0.phone,
        u1_0.role,
        u1_0.token_expires_at,
        u1_0.updated_at,
        u1_0.verification_token,
        u1_0.whatsapp_api_key 
    from
        users u1_0 
    where
        u1_0.email=?
Hibernate: 
    select
        u1_0.id,
        u1_0.created_at,
        u1_0.email,
        u1_0.email_verified,
        u1_0.first_name,
        u1_0.flat_no,
        u1_0.is_active,
        u1_0.last_name,
        u1_0.password,
        u1_0.phone,
        u1_0.role,
        u1_0.token_expires_at,
        u1_0.updated_at,
        u1_0.verification_token,
        u1_0.whatsapp_api_key 
    from
        users u1_0
Hibernate: 
    select
        u1_0.id,
        u1_0.created_at,
        u1_0.email,
        u1_0.email_verified,
        u1_0.first_name,
        u1_0.flat_no,
        u1_0.is_active,
        u1_0.last_name,
        u1_0.password,
        u1_0.phone,
        u1_0.role,
        u1_0.token_expires_at,
        u1_0.updated_at,
        u1_0.verification_token,
        u1_0.whatsapp_api_key 
    from
        users u1_0 
    where
        u1_0.email=?
Hibernate: 
    select
        u1_0.id,
        u1_0.created_at,
        u1_0.email,
        u1_0.email_verified,
        u1_0.first_name,
        u1_0.flat_no,
        u1_0.is_active,
        u1_0.last_name,
        u1_0.password,
        u1_0.phone,
        u1_0.role,
        u1_0.token_expires_at,
        u1_0.updated_at,
        u1_0.verification_token,
        u1_0.whatsapp_api_key 
    from
        users u1_0 
    where
        u1_0.email=?
Hibernate: 
    select
        u1_0.id,
        u1_0.created_at,
        u1_0.email,
        u1_0.email_verified,
        u1_0.first_name,
        u1_0.flat_no,
        u1_0.is_active,
        u1_0.last_name,
        u1_0.password,
        u1_0.phone,
        u1_0.role,
        u1_0.token_expires_at,
        u1_0.updated_at,
        u1_0.verification_token,
        u1_0.whatsapp_api_key 
    from
        users u1_0 
    where
        u1_0.email=?
Hibernate: 
    select
        m1_0.id,
        m1_0.action_items,
        m1_0.action_owners,
        m1_0.agenda_points,
        m1_0.attendees,
        m1_0.created_at,
        m1_0.date,
        m1_0.immediate_notify,
        m1_0.mom_points,
        m1_0.notification_sent,
        m1_0.notify_type,
        m1_0.recipients,
        m1_0.reminder_option,
        m1_0.reminder_sent,
        m1_0.status,
        m1_0.time,
        m1_0.title,
        m1_0.venue 
    from
        meetings m1_0 
    where
        not(m1_0.reminder_sent) 
        and m1_0.status<>?
Hibernate: 
    select
        m1_0.id,
        m1_0.action_items,
        m1_0.action_owners,
        m1_0.agenda_points,
        m1_0.attendees,
        m1_0.created_at,
        m1_0.date,
        m1_0.immediate_notify,
        m1_0.mom_points,
        m1_0.notification_sent,
        m1_0.notify_type,
        m1_0.recipients,
        m1_0.reminder_option,
        m1_0.reminder_sent,
        m1_0.status,
        m1_0.time,
        m1_0.title,
        m1_0.venue 
    from
        meetings m1_0 
    where
        not(m1_0.reminder_sent) 
        and m1_0.status<>?
Hibernate: 
    select
        u1_0.id,
        u1_0.created_at,
        u1_0.email,
        u1_0.email_verified,
        u1_0.first_name,
        u1_0.flat_no,
        u1_0.is_active,
        u1_0.last_name,
        u1_0.password,
        u1_0.phone,
        u1_0.role,
        u1_0.token_expires_at,
        u1_0.updated_at,
        u1_0.verification_token,
        u1_0.whatsapp_api_key 
    from
        users u1_0 
    where
        u1_0.email=?
Hibernate: 
    select
        u1_0.id,
        u1_0.created_at,
        u1_0.email,
        u1_0.email_verified,
        u1_0.first_name,
        u1_0.flat_no,
        u1_0.is_active,
        u1_0.last_name,
        u1_0.password,
        u1_0.phone,
        u1_0.role,
        u1_0.token_expires_at,
        u1_0.updated_at,
        u1_0.verification_token,
        u1_0.whatsapp_api_key 
    from
        users u1_0 
    where
        u1_0.email=?
Hibernate: 
    select
        m1_0.id,
        m1_0.action_items,
        m1_0.action_owners,
        m1_0.agenda_points,
        m1_0.attendees,
        m1_0.created_at,
        m1_0.date,
        m1_0.immediate_notify,
        m1_0.mom_points,
        m1_0.notification_sent,
        m1_0.notify_type,
        m1_0.recipients,
        m1_0.reminder_option,
        m1_0.reminder_sent,
        m1_0.status,
        m1_0.time,
        m1_0.title,
        m1_0.venue 
    from
        meetings m1_0 
    where
        not(m1_0.reminder_sent) 
        and m1_0.status<>?
Hibernate: 
    select
        m1_0.id,
        m1_0.action_items,
        m1_0.action_owners,
        m1_0.agenda_points,
        m1_0.attendees,
        m1_0.created_at,
        m1_0.date,
        m1_0.immediate_notify,
        m1_0.mom_points,
        m1_0.notification_sent,
        m1_0.notify_type,
        m1_0.recipients,
        m1_0.reminder_option,
        m1_0.reminder_sent,
        m1_0.status,
        m1_0.time,
        m1_0.title,
        m1_0.venue 
    from
        meetings m1_0 
    where
        not(m1_0.reminder_sent) 
        and m1_0.status<>?
Hibernate: 
    select
        m1_0.id,
        m1_0.action_items,
        m1_0.action_owners,
        m1_0.agenda_points,
        m1_0.attendees,
        m1_0.created_at,
        m1_0.date,
        m1_0.immediate_notify,
        m1_0.mom_points,
        m1_0.notification_sent,
        m1_0.notify_type,
        m1_0.recipients,
        m1_0.reminder_option,
        m1_0.reminder_sent,
        m1_0.status,
        m1_0.time,
        m1_0.title,
        m1_0.venue 
    from
        meetings m1_0 
    where
        not(m1_0.reminder_sent) 
        and m1_0.status<>?
Hibernate: 
    select
        u1_0.id,
        u1_0.created_at,
        u1_0.email,
        u1_0.email_verified,
        u1_0.first_name,
        u1_0.flat_no,
        u1_0.is_active,
        u1_0.last_name,
        u1_0.password,
        u1_0.phone,
        u1_0.role,
        u1_0.token_expires_at,
        u1_0.updated_at,
        u1_0.verification_token,
        u1_0.whatsapp_api_key 
    from
        users u1_0 
    where
        u1_0.email=?
Hibernate: 
    select
        u1_0.id,
        u1_0.created_at,
        u1_0.email,
        u1_0.email_verified,
        u1_0.first_name,
        u1_0.flat_no,
        u1_0.is_active,
        u1_0.last_name,
        u1_0.password,
        u1_0.phone,
        u1_0.role,
        u1_0.token_expires_at,
        u1_0.updated_at,
        u1_0.verification_token,
        u1_0.whatsapp_api_key 
    from
        users u1_0 
    where
        u1_0.email=?
Hibernate: 
    select
        u1_0.id,
        u1_0.created_at,
        u1_0.email,
        u1_0.email_verified,
        u1_0.first_name,
        u1_0.flat_no,
        u1_0.is_active,
        u1_0.last_name,
        u1_0.password,
        u1_0.phone,
        u1_0.role,
        u1_0.token_expires_at,
        u1_0.updated_at,
        u1_0.verification_token,
        u1_0.whatsapp_api_key 
    from
        users u1_0 
    where
        u1_0.email=?
Hibernate: 
    select
        u1_0.id,
        u1_0.created_at,
        u1_0.email,
        u1_0.email_verified,
        u1_0.first_name,
        u1_0.flat_no,
        u1_0.is_active,
        u1_0.last_name,
        u1_0.password,
        u1_0.phone,
        u1_0.role,
        u1_0.token_expires_at,
        u1_0.updated_at,
        u1_0.verification_token,
        u1_0.whatsapp_api_key 
    from
        users u1_0
Hibernate: 
    select
        u1_0.id,
        u1_0.created_at,
        u1_0.email,
        u1_0.email_verified,
        u1_0.first_name,
        u1_0.flat_no,
        u1_0.is_active,
        u1_0.last_name,
        u1_0.password,
        u1_0.phone,
        u1_0.role,
        u1_0.token_expires_at,
        u1_0.updated_at,
        u1_0.verification_token,
        u1_0.whatsapp_api_key 
    from
        users u1_0 
    where
        u1_0.email=?
Hibernate: 
    select
        u1_0.id,
        u1_0.created_at,
        u1_0.email,
        u1_0.email_verified,
        u1_0.first_name,
        u1_0.flat_no,
        u1_0.is_active,
        u1_0.last_name,
        u1_0.password,
        u1_0.phone,
        u1_0.role,
        u1_0.token_expires_at,
        u1_0.updated_at,
        u1_0.verification_token,
        u1_0.whatsapp_api_key 
    from
        users u1_0 
    where
        u1_0.email=?
Hibernate: 
    select
        u1_0.id,
        u1_0.created_at,
        u1_0.email,
        u1_0.email_verified,
        u1_0.first_name,
        u1_0.flat_no,
        u1_0.is_active,
        u1_0.last_name,
        u1_0.password,
        u1_0.phone,
        u1_0.role,
        u1_0.token_expires_at,
        u1_0.updated_at,
        u1_0.verification_token,
        u1_0.whatsapp_api_key 
    from
        users u1_0
Hibernate: 
    select
        u1_0.id,
        u1_0.created_at,
        u1_0.email,
        u1_0.email_verified,
        u1_0.first_name,
        u1_0.flat_no,
        u1_0.is_active,
        u1_0.last_name,
        u1_0.password,
        u1_0.phone,
        u1_0.role,
        u1_0.token_expires_at,
        u1_0.updated_at,
        u1_0.verification_token,
        u1_0.whatsapp_api_key 
    from
        users u1_0 
    where
        u1_0.email=?
Hibernate: 
    select
        u1_0.id,
        u1_0.created_at,
        u1_0.email,
        u1_0.email_verified,
        u1_0.first_name,
        u1_0.flat_no,
        u1_0.is_active,
        u1_0.last_name,
        u1_0.password,
        u1_0.phone,
        u1_0.role,
        u1_0.token_expires_at,
        u1_0.updated_at,
        u1_0.verification_token,
        u1_0.whatsapp_api_key 
    from
        users u1_0 
    where
        u1_0.email=?
Hibernate: 
    select
        u1_0.id,
        u1_0.created_at,
        u1_0.email,
        u1_0.email_verified,
        u1_0.first_name,
        u1_0.flat_no,
        u1_0.is_active,
        u1_0.last_name,
        u1_0.password,
        u1_0.phone,
        u1_0.role,
        u1_0.token_expires_at,
        u1_0.updated_at,
        u1_0.verification_token,
        u1_0.whatsapp_api_key 
    from
        users u1_0 
    where
        u1_0.email=?
Hibernate: 
    select
        e1_0.id,
        e1_0.created_at,
        e1_0.description,
        e1_0.estimated_budget,
        e1_0.event_date,
        e1_0.festival_link,
        e1_0.initiated_by,
        e1_0.location,
        e1_0.status,
        e1_0.title,
        e1_0.updated_at 
    from
        events e1_0 
    where
        e1_0.event_date>? 
    offset
        ? rows 
    fetch
        first ? rows only
Hibernate: 
    select
        u1_0.id,
        u1_0.created_at,
        u1_0.email,
        u1_0.email_verified,
        u1_0.first_name,
        u1_0.flat_no,
        u1_0.is_active,
        u1_0.last_name,
        u1_0.password,
        u1_0.phone,
        u1_0.role,
        u1_0.token_expires_at,
        u1_0.updated_at,
        u1_0.verification_token,
        u1_0.whatsapp_api_key 
    from
        users u1_0 
    where
        u1_0.email=?
Hibernate: 
    select
        u1_0.id,
        u1_0.created_at,
        u1_0.email,
        u1_0.email_verified,
        u1_0.first_name,
        u1_0.flat_no,
        u1_0.is_active,
        u1_0.last_name,
        u1_0.password,
        u1_0.phone,
        u1_0.role,
        u1_0.token_expires_at,
        u1_0.updated_at,
        u1_0.verification_token,
        u1_0.whatsapp_api_key 
    from
        users u1_0 
    where
        u1_0.email=?
Hibernate: 
    select
        e1_0.id,
        e1_0.created_at,
        e1_0.description,
        e1_0.estimated_budget,
        e1_0.event_date,
        e1_0.festival_link,
        e1_0.initiated_by,
        e1_0.location,
        e1_0.status,
        e1_0.title,
        e1_0.updated_at 
    from
        events e1_0 
    where
        e1_0.event_date>? 
    offset
        ? rows 
    fetch
        first ? rows only
Hibernate: 
    select
        u1_0.id,
        u1_0.created_at,
        u1_0.email,
        u1_0.email_verified,
        u1_0.first_name,
        u1_0.flat_no,
        u1_0.is_active,
        u1_0.last_name,
        u1_0.password,
        u1_0.phone,
        u1_0.role,
        u1_0.token_expires_at,
        u1_0.updated_at,
        u1_0.verification_token,
        u1_0.whatsapp_api_key 
    from
        users u1_0 
    where
        u1_0.email=?
Hibernate: 
    select
        u1_0.id,
        u1_0.created_at,
        u1_0.email,
        u1_0.email_verified,
        u1_0.first_name,
        u1_0.flat_no,
        u1_0.is_active,
        u1_0.last_name,
        u1_0.password,
        u1_0.phone,
        u1_0.role,
        u1_0.token_expires_at,
        u1_0.updated_at,
        u1_0.verification_token,
        u1_0.whatsapp_api_key 
    from
        users u1_0 
    where
        u1_0.email=?
Hibernate: 
    select
        u1_0.id,
        u1_0.created_at,
        u1_0.email,
        u1_0.email_verified,
        u1_0.first_name,
        u1_0.flat_no,
        u1_0.is_active,
        u1_0.last_name,
        u1_0.password,
        u1_0.phone,
        u1_0.role,
        u1_0.token_expires_at,
        u1_0.updated_at,
        u1_0.verification_token,
        u1_0.whatsapp_api_key 
    from
        users u1_0 
    where
        u1_0.email=?
Hibernate: 
    select
        u1_0.id,
        u1_0.created_at,
        u1_0.email,
        u1_0.email_verified,
        u1_0.first_name,
        u1_0.flat_no,
        u1_0.is_active,
        u1_0.last_name,
        u1_0.password,
        u1_0.phone,
        u1_0.role,
        u1_0.token_expires_at,
        u1_0.updated_at,
        u1_0.verification_token,
        u1_0.whatsapp_api_key 
    from
        users u1_0 
    where
        u1_0.email=?
Hibernate: 
    select
        u1_0.id,
        u1_0.created_at,
        u1_0.email,
        u1_0.email_verified,
        u1_0.first_name,
        u1_0.flat_no,
        u1_0.is_active,
        u1_0.last_name,
        u1_0.password,
        u1_0.phone,
        u1_0.role,
        u1_0.token_expires_at,
        u1_0.updated_at,
        u1_0.verification_token,
        u1_0.whatsapp_api_key 
    from
        users u1_0 
    where
        u1_0.email=?
Hibernate: 
    select
        fd1_0.id,
        fd1_0.created_at,
        fd1_0.flat_no,
        fd1_0.is_occupied,
        fd1_0.notes,
        fd1_0.occupant_type,
        fd1_0.owner_email,
        fd1_0.owner_name,
        fd1_0.owner_phone,
        fd1_0.tenant_email,
        fd1_0.tenant_name,
        fd1_0.tenant_phone,
        fd1_0.updated_at 
    from
        flat_details fd1_0 
    order by
        fd1_0.flat_no
Hibernate: 
    select
        ml1_0.id,
        ml1_0.created_at,
        ml1_0.duration_months,
        ml1_0.expected_return_date,
        ml1_0.flat_no,
        ml1_0.interest_rate,
        ml1_0.member_name,
        ml1_0.notes,
        ml1_0.outstanding_principal,
        ml1_0.principal_amount,
        ml1_0.start_date,
        ml1_0.status,
        ml1_0.total_interest_paid,
        ml1_0.total_principal_paid,
        ml1_0.updated_at 
    from
        member_loans ml1_0 
    order by
        ml1_0.start_date desc
Hibernate: 
    select
        f1_0.id,
        f1_0.amount,
        f1_0.approved_by,
        f1_0.category,
        f1_0.created_at,
        f1_0.date,
        f1_0.description,
        f1_0.receipt_no,
        f1_0.received_from,
        f1_0.sub_category,
        f1_0.type 
    from
        funds f1_0 
    order by
        f1_0.date desc
Hibernate: 
    select
        ms1_0.id,
        ms1_0.amount,
        ms1_0.created_at,
        ms1_0.decided_by,
        ms1_0.decided_date,
        ms1_0.month,
        ms1_0.notes,
        ms1_0.updated_at,
        ms1_0.year 
    from
        maintenance_settings ms1_0 
    order by
        ms1_0.year desc,
        ms1_0.created_at desc
Hibernate: 
    select
        u1_0.id,
        u1_0.created_at,
        u1_0.email,
        u1_0.email_verified,
        u1_0.first_name,
        u1_0.flat_no,
        u1_0.is_active,
        u1_0.last_name,
        u1_0.password,
        u1_0.phone,
        u1_0.role,
        u1_0.token_expires_at,
        u1_0.updated_at,
        u1_0.verification_token,
        u1_0.whatsapp_api_key 
    from
        users u1_0 
    where
        u1_0.email=?
Hibernate: 
    select
        u1_0.id,
        u1_0.created_at,
        u1_0.email,
        u1_0.email_verified,
        u1_0.first_name,
        u1_0.flat_no,
        u1_0.is_active,
        u1_0.last_name,
        u1_0.password,
        u1_0.phone,
        u1_0.role,
        u1_0.token_expires_at,
        u1_0.updated_at,
        u1_0.verification_token,
        u1_0.whatsapp_api_key 
    from
        users u1_0 
    where
        u1_0.email=?
Hibernate: 
    select
        u1_0.id,
        u1_0.created_at,
        u1_0.email,
        u1_0.email_verified,
        u1_0.first_name,
        u1_0.flat_no,
        u1_0.is_active,
        u1_0.last_name,
        u1_0.password,
        u1_0.phone,
        u1_0.role,
        u1_0.token_expires_at,
        u1_0.updated_at,
        u1_0.verification_token,
        u1_0.whatsapp_api_key 
    from
        users u1_0 
    where
        u1_0.email=?
Hibernate: 
    select
        m1_0.id,
        m1_0.amount,
        m1_0.created_at,
        m1_0.flat_no,
        m1_0.month,
        m1_0.notes,
        m1_0.paid_date,
        m1_0.paid_status,
        m1_0.payment_mode,
        m1_0.receipt_no,
        m1_0.resident_name,
        m1_0.updated_at,
        m1_0.year 
    from
        maintenance m1_0 
    order by
        m1_0.year desc,
        m1_0.created_at desc
Hibernate: 
    select
        fd1_0.id,
        fd1_0.created_at,
        fd1_0.flat_no,
        fd1_0.is_occupied,
        fd1_0.notes,
        fd1_0.occupant_type,
        fd1_0.owner_email,
        fd1_0.owner_name,
        fd1_0.owner_phone,
        fd1_0.tenant_email,
        fd1_0.tenant_name,
        fd1_0.tenant_phone,
        fd1_0.updated_at 
    from
        flat_details fd1_0 
    order by
        fd1_0.flat_no
Hibernate: 
    select
        ml1_0.id,
        ml1_0.created_at,
        ml1_0.duration_months,
        ml1_0.expected_return_date,
        ml1_0.flat_no,
        ml1_0.interest_rate,
        ml1_0.member_name,
        ml1_0.notes,
        ml1_0.outstanding_principal,
        ml1_0.principal_amount,
        ml1_0.start_date,
        ml1_0.status,
        ml1_0.total_interest_paid,
        ml1_0.total_principal_paid,
        ml1_0.updated_at 
    from
        member_loans ml1_0 
    order by
        ml1_0.start_date desc
Hibernate: 
    select
        u1_0.id,
        u1_0.created_at,
        u1_0.email,
        u1_0.email_verified,
        u1_0.first_name,
        u1_0.flat_no,
        u1_0.is_active,
        u1_0.last_name,
        u1_0.password,
        u1_0.phone,
        u1_0.role,
        u1_0.token_expires_at,
        u1_0.updated_at,
        u1_0.verification_token,
        u1_0.whatsapp_api_key 
    from
        users u1_0 
    where
        u1_0.email=?
Hibernate: 
    select
        f1_0.id,
        f1_0.amount,
        f1_0.approved_by,
        f1_0.category,
        f1_0.created_at,
        f1_0.date,
        f1_0.description,
        f1_0.receipt_no,
        f1_0.received_from,
        f1_0.sub_category,
        f1_0.type 
    from
        funds f1_0 
    order by
        f1_0.date desc
Hibernate: 
    select
        ms1_0.id,
        ms1_0.amount,
        ms1_0.created_at,
        ms1_0.decided_by,
        ms1_0.decided_date,
        ms1_0.month,
        ms1_0.notes,
        ms1_0.updated_at,
        ms1_0.year 
    from
        maintenance_settings ms1_0 
    order by
        ms1_0.year desc,
        ms1_0.created_at desc
Hibernate: 
    select
        u1_0.id,
        u1_0.created_at,
        u1_0.email,
        u1_0.email_verified,
        u1_0.first_name,
        u1_0.flat_no,
        u1_0.is_active,
        u1_0.last_name,
        u1_0.password,
        u1_0.phone,
        u1_0.role,
        u1_0.token_expires_at,
        u1_0.updated_at,
        u1_0.verification_token,
        u1_0.whatsapp_api_key 
    from
        users u1_0 
    where
        u1_0.email=?
Hibernate: 
    select
        m1_0.id,
        m1_0.amount,
        m1_0.created_at,
        m1_0.flat_no,
        m1_0.month,
        m1_0.notes,
        m1_0.paid_date,
        m1_0.paid_status,
        m1_0.payment_mode,
        m1_0.receipt_no,
        m1_0.resident_name,
        m1_0.updated_at,
        m1_0.year 
    from
        maintenance m1_0 
    order by
        m1_0.year desc,
        m1_0.created_at desc
Hibernate: 
    select
        u1_0.id,
        u1_0.created_at,
        u1_0.email,
        u1_0.email_verified,
        u1_0.first_name,
        u1_0.flat_no,
        u1_0.is_active,
        u1_0.last_name,
        u1_0.password,
        u1_0.phone,
        u1_0.role,
        u1_0.token_expires_at,
        u1_0.updated_at,
        u1_0.verification_token,
        u1_0.whatsapp_api_key 
    from
        users u1_0 
    where
        u1_0.email=?
Hibernate: 
    select
        i1_0.id,
        i1_0.assigned_to,
        i1_0.category,
        i1_0.created_at,
        i1_0.description,
        i1_0.flat_no,
        i1_0.priority,
        i1_0.reported_by,
        i1_0.resolution_notes,
        i1_0.resolved_at,
        i1_0.status,
        i1_0.updated_at 
    from
        issues i1_0 
    order by
        i1_0.created_at desc
Hibernate: 
    select
        u1_0.id,
        u1_0.created_at,
        u1_0.email,
        u1_0.email_verified,
        u1_0.first_name,
        u1_0.flat_no,
        u1_0.is_active,
        u1_0.last_name,
        u1_0.password,
        u1_0.phone,
        u1_0.role,
        u1_0.token_expires_at,
        u1_0.updated_at,
        u1_0.verification_token,
        u1_0.whatsapp_api_key 
    from
        users u1_0 
    where
        u1_0.email=?
Hibernate: 
    select
        i1_0.id,
        i1_0.assigned_to,
        i1_0.category,
        i1_0.created_at,
        i1_0.description,
        i1_0.flat_no,
        i1_0.priority,
        i1_0.reported_by,
        i1_0.resolution_notes,
        i1_0.resolved_at,
        i1_0.status,
        i1_0.updated_at 
    from
        issues i1_0 
    order by
        i1_0.created_at desc
Hibernate: 
    select
        u1_0.id,
        u1_0.created_at,
        u1_0.email,
        u1_0.email_verified,
        u1_0.first_name,
        u1_0.flat_no,
        u1_0.is_active,
        u1_0.last_name,
        u1_0.password,
        u1_0.phone,
        u1_0.role,
        u1_0.token_expires_at,
        u1_0.updated_at,
        u1_0.verification_token,
        u1_0.whatsapp_api_key 
    from
        users u1_0 
    where
        u1_0.email=?
Hibernate: 
    select
        u1_0.id,
        u1_0.created_at,
        u1_0.email,
        u1_0.email_verified,
        u1_0.first_name,
        u1_0.flat_no,
        u1_0.is_active,
        u1_0.last_name,
        u1_0.password,
        u1_0.phone,
        u1_0.role,
        u1_0.token_expires_at,
        u1_0.updated_at,
        u1_0.verification_token,
        u1_0.whatsapp_api_key 
    from
        users u1_0
Hibernate: 
    select
        u1_0.id,
        u1_0.created_at,
        u1_0.email,
        u1_0.email_verified,
        u1_0.first_name,
        u1_0.flat_no,
        u1_0.is_active,
        u1_0.last_name,
        u1_0.password,
        u1_0.phone,
        u1_0.role,
        u1_0.token_expires_at,
        u1_0.updated_at,
        u1_0.verification_token,
        u1_0.whatsapp_api_key 
    from
        users u1_0 
    where
        u1_0.email=?
Hibernate: 
    select
        u1_0.id,
        u1_0.created_at,
        u1_0.email,
        u1_0.email_verified,
        u1_0.first_name,
        u1_0.flat_no,
        u1_0.is_active,
        u1_0.last_name,
        u1_0.password,
        u1_0.phone,
        u1_0.role,
        u1_0.token_expires_at,
        u1_0.updated_at,
        u1_0.verification_token,
        u1_0.whatsapp_api_key 
    from
        users u1_0 
    where
        u1_0.email=?
Hibernate: 
    select
        m1_0.id,
        m1_0.action_items,
        m1_0.action_owners,
        m1_0.agenda_points,
        m1_0.attendees,
        m1_0.created_at,
        m1_0.date,
        m1_0.immediate_notify,
        m1_0.mom_points,
        m1_0.notification_sent,
        m1_0.notify_type,
        m1_0.recipients,
        m1_0.reminder_option,
        m1_0.reminder_sent,
        m1_0.status,
        m1_0.time,
        m1_0.title,
        m1_0.venue 
    from
        meetings m1_0 
    order by
        m1_0.date desc
Hibernate: 
    select
        u1_0.id,
        u1_0.created_at,
        u1_0.email,
        u1_0.email_verified,
        u1_0.first_name,
        u1_0.flat_no,
        u1_0.is_active,
        u1_0.last_name,
        u1_0.password,
        u1_0.phone,
        u1_0.role,
        u1_0.token_expires_at,
        u1_0.updated_at,
        u1_0.verification_token,
        u1_0.whatsapp_api_key 
    from
        users u1_0 
    where
        u1_0.email=?
Hibernate: 
    select
        u1_0.id,
        u1_0.created_at,
        u1_0.email,
        u1_0.email_verified,
        u1_0.first_name,
        u1_0.flat_no,
        u1_0.is_active,
        u1_0.last_name,
        u1_0.password,
        u1_0.phone,
        u1_0.role,
        u1_0.token_expires_at,
        u1_0.updated_at,
        u1_0.verification_token,
        u1_0.whatsapp_api_key 
    from
        users u1_0
Hibernate: 
    select
        u1_0.id,
        u1_0.created_at,
        u1_0.email,
        u1_0.email_verified,
        u1_0.first_name,
        u1_0.flat_no,
        u1_0.is_active,
        u1_0.last_name,
        u1_0.password,
        u1_0.phone,
        u1_0.role,
        u1_0.token_expires_at,
        u1_0.updated_at,
        u1_0.verification_token,
        u1_0.whatsapp_api_key 
    from
        users u1_0 
    where
        u1_0.email=?
Hibernate: 
    select
        u1_0.id,
        u1_0.created_at,
        u1_0.email,
        u1_0.email_verified,
        u1_0.first_name,
        u1_0.flat_no,
        u1_0.is_active,
        u1_0.last_name,
        u1_0.password,
        u1_0.phone,
        u1_0.role,
        u1_0.token_expires_at,
        u1_0.updated_at,
        u1_0.verification_token,
        u1_0.whatsapp_api_key 
    from
        users u1_0 
    where
        u1_0.email=?
Hibernate: 
    select
        m1_0.id,
        m1_0.action_items,
        m1_0.action_owners,
        m1_0.agenda_points,
        m1_0.attendees,
        m1_0.created_at,
        m1_0.date,
        m1_0.immediate_notify,
        m1_0.mom_points,
        m1_0.notification_sent,
        m1_0.notify_type,
        m1_0.recipients,
        m1_0.reminder_option,
        m1_0.reminder_sent,
        m1_0.status,
        m1_0.time,
        m1_0.title,
        m1_0.venue 
    from
        meetings m1_0 
    order by
        m1_0.date desc
Hibernate: 
    select
        u1_0.id,
        u1_0.created_at,
        u1_0.email,
        u1_0.email_verified,
        u1_0.first_name,
        u1_0.flat_no,
        u1_0.is_active,
        u1_0.last_name,
        u1_0.password,
        u1_0.phone,
        u1_0.role,
        u1_0.token_expires_at,
        u1_0.updated_at,
        u1_0.verification_token,
        u1_0.whatsapp_api_key 
    from
        users u1_0 
    where
        u1_0.email=?
Hibernate: 
    select
        i1_0.id,
        i1_0.assigned_to,
        i1_0.category,
        i1_0.created_at,
        i1_0.description,
        i1_0.flat_no,
        i1_0.priority,
        i1_0.reported_by,
        i1_0.resolution_notes,
        i1_0.resolved_at,
        i1_0.status,
        i1_0.updated_at 
    from
        issues i1_0 
    order by
        i1_0.created_at desc
Hibernate: 
    select
        u1_0.id,
        u1_0.created_at,
        u1_0.email,
        u1_0.email_verified,
        u1_0.first_name,
        u1_0.flat_no,
        u1_0.is_active,
        u1_0.last_name,
        u1_0.password,
        u1_0.phone,
        u1_0.role,
        u1_0.token_expires_at,
        u1_0.updated_at,
        u1_0.verification_token,
        u1_0.whatsapp_api_key 
    from
        users u1_0 
    where
        u1_0.email=?
Hibernate: 
    select
        i1_0.id,
        i1_0.assigned_to,
        i1_0.category,
        i1_0.created_at,
        i1_0.description,
        i1_0.flat_no,
        i1_0.priority,
        i1_0.reported_by,
        i1_0.resolution_notes,
        i1_0.resolved_at,
        i1_0.status,
        i1_0.updated_at 
    from
        issues i1_0 
    order by
        i1_0.created_at desc
Hibernate: 
    select
        u1_0.id,
        u1_0.created_at,
        u1_0.email,
        u1_0.email_verified,
        u1_0.first_name,
        u1_0.flat_no,
        u1_0.is_active,
        u1_0.last_name,
        u1_0.password,
        u1_0.phone,
        u1_0.role,
        u1_0.token_expires_at,
        u1_0.updated_at,
        u1_0.verification_token,
        u1_0.whatsapp_api_key 
    from
        users u1_0 
    where
        u1_0.email=?
Hibernate: 
    select
        m1_0.id,
        m1_0.action_items,
        m1_0.action_owners,
        m1_0.agenda_points,
        m1_0.attendees,
        m1_0.created_at,
        m1_0.date,
        m1_0.immediate_notify,
        m1_0.mom_points,
        m1_0.notification_sent,
        m1_0.notify_type,
        m1_0.recipients,
        m1_0.reminder_option,
        m1_0.reminder_sent,
        m1_0.status,
        m1_0.time,
        m1_0.title,
        m1_0.venue 
    from
        meetings m1_0 
    order by
        m1_0.date desc
Hibernate: 
    select
        u1_0.id,
        u1_0.created_at,
        u1_0.email,
        u1_0.email_verified,
        u1_0.first_name,
        u1_0.flat_no,
        u1_0.is_active,
        u1_0.last_name,
        u1_0.password,
        u1_0.phone,
        u1_0.role,
        u1_0.token_expires_at,
        u1_0.updated_at,
        u1_0.verification_token,
        u1_0.whatsapp_api_key 
    from
        users u1_0 
    where
        u1_0.email=?
Hibernate: 
    select
        u1_0.id,
        u1_0.created_at,
        u1_0.email,
        u1_0.email_verified,
        u1_0.first_name,
        u1_0.flat_no,
        u1_0.is_active,
        u1_0.last_name,
        u1_0.password,
        u1_0.phone,
        u1_0.role,
        u1_0.token_expires_at,
        u1_0.updated_at,
        u1_0.verification_token,
        u1_0.whatsapp_api_key 
    from
        users u1_0
Hibernate: 
    select
        u1_0.id,
        u1_0.created_at,
        u1_0.email,
        u1_0.email_verified,
        u1_0.first_name,
        u1_0.flat_no,
        u1_0.is_active,
        u1_0.last_name,
        u1_0.password,
        u1_0.phone,
        u1_0.role,
        u1_0.token_expires_at,
        u1_0.updated_at,
        u1_0.verification_token,
        u1_0.whatsapp_api_key 
    from
        users u1_0 
    where
        u1_0.email=?
Hibernate: 
    select
        m1_0.id,
        m1_0.action_items,
        m1_0.action_owners,
        m1_0.agenda_points,
        m1_0.attendees,
        m1_0.created_at,
        m1_0.date,
        m1_0.immediate_notify,
        m1_0.mom_points,
        m1_0.notification_sent,
        m1_0.notify_type,
        m1_0.recipients,
        m1_0.reminder_option,
        m1_0.reminder_sent,
        m1_0.status,
        m1_0.time,
        m1_0.title,
        m1_0.venue 
    from
        meetings m1_0 
    order by
        m1_0.date desc
Hibernate: 
    select
        u1_0.id,
        u1_0.created_at,
        u1_0.email,
        u1_0.email_verified,
        u1_0.first_name,
        u1_0.flat_no,
        u1_0.is_active,
        u1_0.last_name,
        u1_0.password,
        u1_0.phone,
        u1_0.role,
        u1_0.token_expires_at,
        u1_0.updated_at,
        u1_0.verification_token,
        u1_0.whatsapp_api_key 
    from
        users u1_0 
    where
        u1_0.email=?
Hibernate: 
    select
        u1_0.id,
        u1_0.created_at,
        u1_0.email,
        u1_0.email_verified,
        u1_0.first_name,
        u1_0.flat_no,
        u1_0.is_active,
        u1_0.last_name,
        u1_0.password,
        u1_0.phone,
        u1_0.role,
        u1_0.token_expires_at,
        u1_0.updated_at,
        u1_0.verification_token,
        u1_0.whatsapp_api_key 
    from
        users u1_0 
    where
        u1_0.email=?
Hibernate: 
    select
        u1_0.id,
        u1_0.created_at,
        u1_0.email,
        u1_0.email_verified,
        u1_0.first_name,
        u1_0.flat_no,
        u1_0.is_active,
        u1_0.last_name,
        u1_0.password,
        u1_0.phone,
        u1_0.role,
        u1_0.token_expires_at,
        u1_0.updated_at,
        u1_0.verification_token,
        u1_0.whatsapp_api_key 
    from
        users u1_0
Hibernate: 
    select
        u1_0.id,
        u1_0.created_at,
        u1_0.email,
        u1_0.email_verified,
        u1_0.first_name,
        u1_0.flat_no,
        u1_0.is_active,
        u1_0.last_name,
        u1_0.password,
        u1_0.phone,
        u1_0.role,
        u1_0.token_expires_at,
        u1_0.updated_at,
        u1_0.verification_token,
        u1_0.whatsapp_api_key 
    from
        users u1_0 
    where
        u1_0.email=?
Hibernate: 
    select
        u1_0.id,
        u1_0.created_at,
        u1_0.email,
        u1_0.email_verified,
        u1_0.first_name,
        u1_0.flat_no,
        u1_0.is_active,
        u1_0.last_name,
        u1_0.password,
        u1_0.phone,
        u1_0.role,
        u1_0.token_expires_at,
        u1_0.updated_at,
        u1_0.verification_token,
        u1_0.whatsapp_api_key 
    from
        users u1_0 
    where
        u1_0.email=?
Hibernate: 
    select
        f1_0.id,
        f1_0.amount,
        f1_0.approved_by,
        f1_0.category,
        f1_0.created_at,
        f1_0.date,
        f1_0.description,
        f1_0.receipt_no,
        f1_0.received_from,
        f1_0.sub_category,
        f1_0.type 
    from
        funds f1_0 
    order by
        f1_0.date desc
Hibernate: 
    select
        u1_0.id,
        u1_0.created_at,
        u1_0.email,
        u1_0.email_verified,
        u1_0.first_name,
        u1_0.flat_no,
        u1_0.is_active,
        u1_0.last_name,
        u1_0.password,
        u1_0.phone,
        u1_0.role,
        u1_0.token_expires_at,
        u1_0.updated_at,
        u1_0.verification_token,
        u1_0.whatsapp_api_key 
    from
        users u1_0 
    where
        u1_0.email=?
Hibernate: 
    select
        f1_0.id,
        f1_0.amount,
        f1_0.approved_by,
        f1_0.category,
        f1_0.created_at,
        f1_0.date,
        f1_0.description,
        f1_0.receipt_no,
        f1_0.received_from,
        f1_0.sub_category,
        f1_0.type 
    from
        funds f1_0 
    order by
        f1_0.date desc
Hibernate: 
    select
        u1_0.id,
        u1_0.created_at,
        u1_0.email,
        u1_0.email_verified,
        u1_0.first_name,
        u1_0.flat_no,
        u1_0.is_active,
        u1_0.last_name,
        u1_0.password,
        u1_0.phone,
        u1_0.role,
        u1_0.token_expires_at,
        u1_0.updated_at,
        u1_0.verification_token,
        u1_0.whatsapp_api_key 
    from
        users u1_0 
    where
        u1_0.email=?
Hibernate: 
    select
        c1_0.id,
        c1_0.alternate_phone,
        c1_0.available_hours,
        c1_0.block,
        c1_0.email,
        c1_0.is_active,
        c1_0.name,
        c1_0.notes,
        c1_0.phone,
        c1_0.role,
        c1_0.updated_at 
    from
        contacts c1_0 
    where
        c1_0.is_active 
    order by
        c1_0.role,
        c1_0.name
Hibernate: 
    select
        u1_0.id,
        u1_0.created_at,
        u1_0.email,
        u1_0.email_verified,
        u1_0.first_name,
        u1_0.flat_no,
        u1_0.is_active,
        u1_0.last_name,
        u1_0.password,
        u1_0.phone,
        u1_0.role,
        u1_0.token_expires_at,
        u1_0.updated_at,
        u1_0.verification_token,
        u1_0.whatsapp_api_key 
    from
        users u1_0 
    where
        u1_0.email=?
Hibernate: 
    select
        c1_0.id,
        c1_0.alternate_phone,
        c1_0.available_hours,
        c1_0.block,
        c1_0.email,
        c1_0.is_active,
        c1_0.name,
        c1_0.notes,
        c1_0.phone,
        c1_0.role,
        c1_0.updated_at 
    from
        contacts c1_0 
    where
        c1_0.is_active 
    order by
        c1_0.role,
        c1_0.name
Hibernate: 
    select
        u1_0.id,
        u1_0.created_at,
        u1_0.email,
        u1_0.email_verified,
        u1_0.first_name,
        u1_0.flat_no,
        u1_0.is_active,
        u1_0.last_name,
        u1_0.password,
        u1_0.phone,
        u1_0.role,
        u1_0.token_expires_at,
        u1_0.updated_at,
        u1_0.verification_token,
        u1_0.whatsapp_api_key 
    from
        users u1_0 
    where
        u1_0.email=?
Hibernate: 
    select
        cm1_0.id,
        cm1_0.created_at,
        cm1_0.email,
        cm1_0.flat_no,
        cm1_0.is_active,
        cm1_0.name,
        cm1_0.notes,
        cm1_0.phone,
        cm1_0.role,
        cm1_0.term_duration,
        cm1_0.term_end,
        cm1_0.term_start,
        cm1_0.updated_at 
    from
        committee_members cm1_0 
    order by
        cm1_0.role,
        cm1_0.term_start desc
Hibernate: 
    select
        u1_0.id,
        u1_0.created_at,
        u1_0.email,
        u1_0.email_verified,
        u1_0.first_name,
        u1_0.flat_no,
        u1_0.is_active,
        u1_0.last_name,
        u1_0.password,
        u1_0.phone,
        u1_0.role,
        u1_0.token_expires_at,
        u1_0.updated_at,
        u1_0.verification_token,
        u1_0.whatsapp_api_key 
    from
        users u1_0 
    where
        u1_0.email=?
Hibernate: 
    select
        cm1_0.id,
        cm1_0.created_at,
        cm1_0.email,
        cm1_0.flat_no,
        cm1_0.is_active,
        cm1_0.name,
        cm1_0.notes,
        cm1_0.phone,
        cm1_0.role,
        cm1_0.term_duration,
        cm1_0.term_end,
        cm1_0.term_start,
        cm1_0.updated_at 
    from
        committee_members cm1_0 
    order by
        cm1_0.role,
        cm1_0.term_start desc
Hibernate: 
    select
        u1_0.id,
        u1_0.created_at,
        u1_0.email,
        u1_0.email_verified,
        u1_0.first_name,
        u1_0.flat_no,
        u1_0.is_active,
        u1_0.last_name,
        u1_0.password,
        u1_0.phone,
        u1_0.role,
        u1_0.token_expires_at,
        u1_0.updated_at,
        u1_0.verification_token,
        u1_0.whatsapp_api_key 
    from
        users u1_0 
    where
        u1_0.email=?
Hibernate: 
    select
        a1_0.id,
        a1_0.body,
        a1_0.category,
        a1_0.created_at,
        a1_0.posted_by,
        a1_0.priority,
        a1_0.status,
        a1_0.title 
    from
        updates a1_0 
    order by
        a1_0.created_at desc
Hibernate: 
    select
        u1_0.id,
        u1_0.created_at,
        u1_0.email,
        u1_0.email_verified,
        u1_0.first_name,
        u1_0.flat_no,
        u1_0.is_active,
        u1_0.last_name,
        u1_0.password,
        u1_0.phone,
        u1_0.role,
        u1_0.token_expires_at,
        u1_0.updated_at,
        u1_0.verification_token,
        u1_0.whatsapp_api_key 
    from
        users u1_0 
    where
        u1_0.email=?
Hibernate: 
    select
        a1_0.id,
        a1_0.body,
        a1_0.category,
        a1_0.created_at,
        a1_0.posted_by,
        a1_0.priority,
        a1_0.status,
        a1_0.title 
    from
        updates a1_0 
    order by
        a1_0.created_at desc
Hibernate: 
    select
        u1_0.id,
        u1_0.created_at,
        u1_0.email,
        u1_0.email_verified,
        u1_0.first_name,
        u1_0.flat_no,
        u1_0.is_active,
        u1_0.last_name,
        u1_0.password,
        u1_0.phone,
        u1_0.role,
        u1_0.token_expires_at,
        u1_0.updated_at,
        u1_0.verification_token,
        u1_0.whatsapp_api_key 
    from
        users u1_0 
    where
        u1_0.email=?
Hibernate: 
    select
        u1_0.id,
        u1_0.created_at,
        u1_0.email,
        u1_0.email_verified,
        u1_0.first_name,
        u1_0.flat_no,
        u1_0.is_active,
        u1_0.last_name,
        u1_0.password,
        u1_0.phone,
        u1_0.role,
        u1_0.token_expires_at,
        u1_0.updated_at,
        u1_0.verification_token,
        u1_0.whatsapp_api_key 
    from
        users u1_0
Hibernate: 
    select
        u1_0.id,
        u1_0.created_at,
        u1_0.email,
        u1_0.email_verified,
        u1_0.first_name,
        u1_0.flat_no,
        u1_0.is_active,
        u1_0.last_name,
        u1_0.password,
        u1_0.phone,
        u1_0.role,
        u1_0.token_expires_at,
        u1_0.updated_at,
        u1_0.verification_token,
        u1_0.whatsapp_api_key 
    from
        users u1_0 
    where
        u1_0.email=?
Hibernate: 
    select
        u1_0.id,
        u1_0.created_at,
        u1_0.email,
        u1_0.email_verified,
        u1_0.first_name,
        u1_0.flat_no,
        u1_0.is_active,
        u1_0.last_name,
        u1_0.password,
        u1_0.phone,
        u1_0.role,
        u1_0.token_expires_at,
        u1_0.updated_at,
        u1_0.verification_token,
        u1_0.whatsapp_api_key 
    from
        users u1_0 
    where
        u1_0.email=?
Hibernate: 
    select
        u1_0.id,
        u1_0.created_at,
        u1_0.email,
        u1_0.email_verified,
        u1_0.first_name,
        u1_0.flat_no,
        u1_0.is_active,
        u1_0.last_name,
        u1_0.password,
        u1_0.phone,
        u1_0.role,
        u1_0.token_expires_at,
        u1_0.updated_at,
        u1_0.verification_token,
        u1_0.whatsapp_api_key 
    from
        users u1_0
Hibernate: 
    select
        u1_0.id,
        u1_0.created_at,
        u1_0.email,
        u1_0.email_verified,
        u1_0.first_name,
        u1_0.flat_no,
        u1_0.is_active,
        u1_0.last_name,
        u1_0.password,
        u1_0.phone,
        u1_0.role,
        u1_0.token_expires_at,
        u1_0.updated_at,
        u1_0.verification_token,
        u1_0.whatsapp_api_key 
    from
        users u1_0 
    where
        u1_0.email=?
Hibernate: 
    select
        m1_0.id,
        m1_0.action_items,
        m1_0.action_owners,
        m1_0.agenda_points,
        m1_0.attendees,
        m1_0.created_at,
        m1_0.date,
        m1_0.immediate_notify,
        m1_0.mom_points,
        m1_0.notification_sent,
        m1_0.notify_type,
        m1_0.recipients,
        m1_0.reminder_option,
        m1_0.reminder_sent,
        m1_0.status,
        m1_0.time,
        m1_0.title,
        m1_0.venue 
    from
        meetings m1_0 
    where
        not(m1_0.reminder_sent) 
        and m1_0.status<>?
Hibernate: 
    select
        u1_0.id 
    from
        users u1_0 
    where
        u1_0.email=? 
    fetch
        first ? rows only
Hibernate: 
    select
        u1_0.id 
    from
        users u1_0 
    where
        u1_0.phone=? 
    fetch
        first ? rows only
Hibernate: 
    insert 
    into
        users
        (created_at, email, email_verified, first_name, flat_no, is_active, last_name, password, phone, role, token_expires_at, updated_at, verification_token, whatsapp_api_key, id) 
    values
        (?, ?, ?, ?, ?, ?, ?, ?, ?, ?, ?, ?, ?, ?, default)
Hibernate: 
    update
        users 
    set
        email=?,
        email_verified=?,
        first_name=?,
        flat_no=?,
        is_active=?,
        last_name=?,
        password=?,
        phone=?,
        role=?,
        token_expires_at=?,
        updated_at=?,
        verification_token=?,
        whatsapp_api_key=? 
    where
        id=?
Hibernate: 
    select
        u1_0.id,
        u1_0.created_at,
        u1_0.email,
        u1_0.email_verified,
        u1_0.first_name,
        u1_0.flat_no,
        u1_0.is_active,
        u1_0.last_name,
        u1_0.password,
        u1_0.phone,
        u1_0.role,
        u1_0.token_expires_at,
        u1_0.updated_at,
        u1_0.verification_token,
        u1_0.whatsapp_api_key 
    from
        users u1_0 
    where
        u1_0.email=?
Hibernate: 
    select
        u1_0.id,
        u1_0.created_at,
        u1_0.email,
        u1_0.email_verified,
        u1_0.first_name,
        u1_0.flat_no,
        u1_0.is_active,
        u1_0.last_name,
        u1_0.password,
        u1_0.phone,
        u1_0.role,
        u1_0.token_expires_at,
        u1_0.updated_at,
        u1_0.verification_token,
        u1_0.whatsapp_api_key 
    from
        users u1_0 
    where
        u1_0.email=?
Hibernate: 
    select
        u1_0.id,
        u1_0.created_at,
        u1_0.email,
        u1_0.email_verified,
        u1_0.first_name,
        u1_0.flat_no,
        u1_0.is_active,
        u1_0.last_name,
        u1_0.password,
        u1_0.phone,
        u1_0.role,
        u1_0.token_expires_at,
        u1_0.updated_at,
        u1_0.verification_token,
        u1_0.whatsapp_api_key 
    from
        users u1_0 
    where
        u1_0.email=?
Hibernate: 
    select
        u1_0.id,
        u1_0.created_at,
        u1_0.email,
        u1_0.email_verified,
        u1_0.first_name,
        u1_0.flat_no,
        u1_0.is_active,
        u1_0.last_name,
        u1_0.password,
        u1_0.phone,
        u1_0.role,
        u1_0.token_expires_at,
        u1_0.updated_at,
        u1_0.verification_token,
        u1_0.whatsapp_api_key 
    from
        users u1_0
Hibernate: 
    select
        u1_0.id,
        u1_0.created_at,
        u1_0.email,
        u1_0.email_verified,
        u1_0.first_name,
        u1_0.flat_no,
        u1_0.is_active,
        u1_0.last_name,
        u1_0.password,
        u1_0.phone,
        u1_0.role,
        u1_0.token_expires_at,
        u1_0.updated_at,
        u1_0.verification_token,
        u1_0.whatsapp_api_key 
    from
        users u1_0 
    where
        u1_0.email=?
Hibernate: 
    select
        u1_0.id,
        u1_0.created_at,
        u1_0.email,
        u1_0.email_verified,
        u1_0.first_name,
        u1_0.flat_no,
        u1_0.is_active,
        u1_0.last_name,
        u1_0.password,
        u1_0.phone,
        u1_0.role,
        u1_0.token_expires_at,
        u1_0.updated_at,
        u1_0.verification_token,
        u1_0.whatsapp_api_key 
    from
        users u1_0 
    where
        u1_0.email=?
Hibernate: 
    select
        u1_0.id,
        u1_0.created_at,
        u1_0.email,
        u1_0.email_verified,
        u1_0.first_name,
        u1_0.flat_no,
        u1_0.is_active,
        u1_0.last_name,
        u1_0.password,
        u1_0.phone,
        u1_0.role,
        u1_0.token_expires_at,
        u1_0.updated_at,
        u1_0.verification_token,
        u1_0.whatsapp_api_key 
    from
        users u1_0
Hibernate: 
    select
        u1_0.id,
        u1_0.created_at,
        u1_0.email,
        u1_0.email_verified,
        u1_0.first_name,
        u1_0.flat_no,
        u1_0.is_active,
        u1_0.last_name,
        u1_0.password,
        u1_0.phone,
        u1_0.role,
        u1_0.token_expires_at,
        u1_0.updated_at,
        u1_0.verification_token,
        u1_0.whatsapp_api_key 
    from
        users u1_0 
    where
        u1_0.email=?
Hibernate: 
    select
        m1_0.id,
        m1_0.action_items,
        m1_0.action_owners,
        m1_0.agenda_points,
        m1_0.attendees,
        m1_0.created_at,
        m1_0.date,
        m1_0.immediate_notify,
        m1_0.mom_points,
        m1_0.notification_sent,
        m1_0.notify_type,
        m1_0.recipients,
        m1_0.reminder_option,
        m1_0.reminder_sent,
        m1_0.status,
        m1_0.time,
        m1_0.title,
        m1_0.venue 
    from
        meetings m1_0 
    where
        not(m1_0.reminder_sent) 
        and m1_0.status<>?
Hibernate: 
    select
        u1_0.id,
        u1_0.created_at,
        u1_0.email,
        u1_0.email_verified,
        u1_0.first_name,
        u1_0.flat_no,
        u1_0.is_active,
        u1_0.last_name,
        u1_0.password,
        u1_0.phone,
        u1_0.role,
        u1_0.token_expires_at,
        u1_0.updated_at,
        u1_0.verification_token,
        u1_0.whatsapp_api_key 
    from
        users u1_0 
    where
        u1_0.email=?
Hibernate: 
    select
        u1_0.id,
        u1_0.created_at,
        u1_0.email,
        u1_0.email_verified,
        u1_0.first_name,
        u1_0.flat_no,
        u1_0.is_active,
        u1_0.last_name,
        u1_0.password,
        u1_0.phone,
        u1_0.role,
        u1_0.token_expires_at,
        u1_0.updated_at,
        u1_0.verification_token,
        u1_0.whatsapp_api_key 
    from
        users u1_0 
    where
        u1_0.id=?
Hibernate: 
    select
        u1_0.id,
        u1_0.created_at,
        u1_0.email,
        u1_0.email_verified,
        ec1_0.user_id,
        ec1_0.id,
        ec1_0.amount,
        ec1_0.contributed_at,
        ec1_0.event_id,
        ec1_0.payment_intent_id,
        ec1_0.status,
        u1_0.first_name,
        u1_0.flat_no,
        u1_0.is_active,
        u1_0.last_name,
        u1_0.password,
        u1_0.phone,
        u1_0.role,
        u1_0.token_expires_at,
        u1_0.updated_at,
        u1_0.verification_token,
        u1_0.whatsapp_api_key 
    from
        users u1_0 
    left join
        event_contributions ec1_0 
            on u1_0.id=ec1_0.user_id 
    where
        u1_0.id=?
Hibernate: 
    select
        ta1_0.tenant_id,
        ta1_0.id,
        ta1_0.apartment_id,
        ta1_0.created_at,
        ta1_0.lease_end_date,
        ta1_0.lease_start_date,
        ta1_0.status,
        ta1_0.updated_at 
    from
        tenant_apartments ta1_0 
    where
        ta1_0.tenant_id=?
Hibernate: 
    select
        oa1_0.owner_id,
        oa1_0.id,
        oa1_0.amenities,
        oa1_0.area,
        oa1_0.bathrooms,
        oa1_0.bedrooms,
        oa1_0.created_at,
        oa1_0.description,
        oa1_0.floor,
        oa1_0.maintenance_fee,
        oa1_0.status,
        oa1_0.unit_number,
        oa1_0.updated_at 
    from
        apartments oa1_0 
    where
        oa1_0.owner_id=?
Hibernate: 
    update
        users 
    set
        email=?,
        email_verified=?,
        first_name=?,
        flat_no=?,
        is_active=?,
        last_name=?,
        password=?,
        phone=?,
        role=?,
        token_expires_at=?,
        updated_at=?,
        verification_token=?,
        whatsapp_api_key=? 
    where
        id=?
Hibernate: 
    select
        u1_0.id,
        u1_0.created_at,
        u1_0.email,
        u1_0.email_verified,
        u1_0.first_name,
        u1_0.flat_no,
        u1_0.is_active,
        u1_0.last_name,
        u1_0.password,
        u1_0.phone,
        u1_0.role,
        u1_0.token_expires_at,
        u1_0.updated_at,
        u1_0.verification_token,
        u1_0.whatsapp_api_key 
    from
        users u1_0 
    where
        u1_0.email=?
Hibernate: 
    select
        u1_0.id,
        u1_0.created_at,
        u1_0.email,
        u1_0.email_verified,
        u1_0.first_name,
        u1_0.flat_no,
        u1_0.is_active,
        u1_0.last_name,
        u1_0.password,
        u1_0.phone,
        u1_0.role,
        u1_0.token_expires_at,
        u1_0.updated_at,
        u1_0.verification_token,
        u1_0.whatsapp_api_key 
    from
        users u1_0
Hibernate: 
    select
        u1_0.id,
        u1_0.created_at,
        u1_0.email,
        u1_0.email_verified,
        u1_0.first_name,
        u1_0.flat_no,
        u1_0.is_active,
        u1_0.last_name,
        u1_0.password,
        u1_0.phone,
        u1_0.role,
        u1_0.token_expires_at,
        u1_0.updated_at,
        u1_0.verification_token,
        u1_0.whatsapp_api_key 
    from
        users u1_0 
    where
        u1_0.email=?
Hibernate: 
    select
        u1_0.id,
        u1_0.created_at,
        u1_0.email,
        u1_0.email_verified,
        u1_0.first_name,
        u1_0.flat_no,
        u1_0.is_active,
        u1_0.last_name,
        u1_0.password,
        u1_0.phone,
        u1_0.role,
        u1_0.token_expires_at,
        u1_0.updated_at,
        u1_0.verification_token,
        u1_0.whatsapp_api_key 
    from
        users u1_0 
    where
        u1_0.email=?
Hibernate: 
    select
        u1_0.id,
        u1_0.created_at,
        u1_0.email,
        u1_0.email_verified,
        u1_0.first_name,
        u1_0.flat_no,
        u1_0.is_active,
        u1_0.last_name,
        u1_0.password,
        u1_0.phone,
        u1_0.role,
        u1_0.token_expires_at,
        u1_0.updated_at,
        u1_0.verification_token,
        u1_0.whatsapp_api_key 
    from
        users u1_0 
    where
        u1_0.id=?
Hibernate: 
    select
        u1_0.id,
        u1_0.created_at,
        u1_0.email,
        u1_0.email_verified,
        ec1_0.user_id,
        ec1_0.id,
        ec1_0.amount,
        ec1_0.contributed_at,
        ec1_0.event_id,
        ec1_0.payment_intent_id,
        ec1_0.status,
        u1_0.first_name,
        u1_0.flat_no,
        u1_0.is_active,
        u1_0.last_name,
        u1_0.password,
        u1_0.phone,
        u1_0.role,
        u1_0.token_expires_at,
        u1_0.updated_at,
        u1_0.verification_token,
        u1_0.whatsapp_api_key 
    from
        users u1_0 
    left join
        event_contributions ec1_0 
            on u1_0.id=ec1_0.user_id 
    where
        u1_0.id=?
Hibernate: 
    select
        ta1_0.tenant_id,
        ta1_0.id,
        ta1_0.apartment_id,
        ta1_0.created_at,
        ta1_0.lease_end_date,
        ta1_0.lease_start_date,
        ta1_0.status,
        ta1_0.updated_at 
    from
        tenant_apartments ta1_0 
    where
        ta1_0.tenant_id=?
Hibernate: 
    select
        oa1_0.owner_id,
        oa1_0.id,
        oa1_0.amenities,
        oa1_0.area,
        oa1_0.bathrooms,
        oa1_0.bedrooms,
        oa1_0.created_at,
        oa1_0.description,
        oa1_0.floor,
        oa1_0.maintenance_fee,
        oa1_0.status,
        oa1_0.unit_number,
        oa1_0.updated_at 
    from
        apartments oa1_0 
    where
        oa1_0.owner_id=?
Hibernate: 
    update
        users 
    set
        email=?,
        email_verified=?,
        first_name=?,
        flat_no=?,
        is_active=?,
        last_name=?,
        password=?,
        phone=?,
        role=?,
        token_expires_at=?,
        updated_at=?,
        verification_token=?,
        whatsapp_api_key=? 
    where
        id=?
Hibernate: 
    select
        u1_0.id,
        u1_0.created_at,
        u1_0.email,
        u1_0.email_verified,
        u1_0.first_name,
        u1_0.flat_no,
        u1_0.is_active,
        u1_0.last_name,
        u1_0.password,
        u1_0.phone,
        u1_0.role,
        u1_0.token_expires_at,
        u1_0.updated_at,
        u1_0.verification_token,
        u1_0.whatsapp_api_key 
    from
        users u1_0 
    where
        u1_0.email=?
Hibernate: 
    select
        u1_0.id,
        u1_0.created_at,
        u1_0.email,
        u1_0.email_verified,
        u1_0.first_name,
        u1_0.flat_no,
        u1_0.is_active,
        u1_0.last_name,
        u1_0.password,
        u1_0.phone,
        u1_0.role,
        u1_0.token_expires_at,
        u1_0.updated_at,
        u1_0.verification_token,
        u1_0.whatsapp_api_key 
    from
        users u1_0
Hibernate: 
    select
        u1_0.id,
        u1_0.created_at,
        u1_0.email,
        u1_0.email_verified,
        u1_0.first_name,
        u1_0.flat_no,
        u1_0.is_active,
        u1_0.last_name,
        u1_0.password,
        u1_0.phone,
        u1_0.role,
        u1_0.token_expires_at,
        u1_0.updated_at,
        u1_0.verification_token,
        u1_0.whatsapp_api_key 
    from
        users u1_0 
    where
        u1_0.email=?
Hibernate: 
    select
        u1_0.id,
        u1_0.created_at,
        u1_0.email,
        u1_0.email_verified,
        u1_0.first_name,
        u1_0.flat_no,
        u1_0.is_active,
        u1_0.last_name,
        u1_0.password,
        u1_0.phone,
        u1_0.role,
        u1_0.token_expires_at,
        u1_0.updated_at,
        u1_0.verification_token,
        u1_0.whatsapp_api_key 
    from
        users u1_0 
    where
        u1_0.email=?
Hibernate: 
    select
        u1_0.id,
        u1_0.created_at,
        u1_0.email,
        u1_0.email_verified,
        u1_0.first_name,
        u1_0.flat_no,
        u1_0.is_active,
        u1_0.last_name,
        u1_0.password,
        u1_0.phone,
        u1_0.role,
        u1_0.token_expires_at,
        u1_0.updated_at,
        u1_0.verification_token,
        u1_0.whatsapp_api_key 
    from
        users u1_0 
    where
        u1_0.email=?
Hibernate: 
    select
        e1_0.id,
        e1_0.created_at,
        e1_0.description,
        e1_0.estimated_budget,
        e1_0.event_date,
        e1_0.festival_link,
        e1_0.initiated_by,
        e1_0.location,
        e1_0.status,
        e1_0.title,
        e1_0.updated_at 
    from
        events e1_0 
    where
        e1_0.event_date>? 
    offset
        ? rows 
    fetch
        first ? rows only
Hibernate: 
    select
        u1_0.id,
        u1_0.created_at,
        u1_0.email,
        u1_0.email_verified,
        u1_0.first_name,
        u1_0.flat_no,
        u1_0.is_active,
        u1_0.last_name,
        u1_0.password,
        u1_0.phone,
        u1_0.role,
        u1_0.token_expires_at,
        u1_0.updated_at,
        u1_0.verification_token,
        u1_0.whatsapp_api_key 
    from
        users u1_0 
    where
        u1_0.email=?
Hibernate: 
    select
        u1_0.id,
        u1_0.created_at,
        u1_0.email,
        u1_0.email_verified,
        u1_0.first_name,
        u1_0.flat_no,
        u1_0.is_active,
        u1_0.last_name,
        u1_0.password,
        u1_0.phone,
        u1_0.role,
        u1_0.token_expires_at,
        u1_0.updated_at,
        u1_0.verification_token,
        u1_0.whatsapp_api_key 
    from
        users u1_0 
    where
        u1_0.email=?
Hibernate: 
    select
        e1_0.id,
        e1_0.created_at,
        e1_0.description,
        e1_0.estimated_budget,
        e1_0.event_date,
        e1_0.festival_link,
        e1_0.initiated_by,
        e1_0.location,
        e1_0.status,
        e1_0.title,
        e1_0.updated_at 
    from
        events e1_0 
    where
        e1_0.event_date>? 
    offset
        ? rows 
    fetch
        first ? rows only
Hibernate: 
    select
        u1_0.id,
        u1_0.created_at,
        u1_0.email,
        u1_0.email_verified,
        u1_0.first_name,
        u1_0.flat_no,
        u1_0.is_active,
        u1_0.last_name,
        u1_0.password,
        u1_0.phone,
        u1_0.role,
        u1_0.token_expires_at,
        u1_0.updated_at,
        u1_0.verification_token,
        u1_0.whatsapp_api_key 
    from
        users u1_0 
    where
        u1_0.email=?
Hibernate: 
    select
        m1_0.id,
        m1_0.amount,
        m1_0.created_at,
        m1_0.flat_no,
        m1_0.month,
        m1_0.notes,
        m1_0.paid_date,
        m1_0.paid_status,
        m1_0.payment_mode,
        m1_0.receipt_no,
        m1_0.resident_name,
        m1_0.updated_at,
        m1_0.year 
    from
        maintenance m1_0 
    order by
        m1_0.year desc,
        m1_0.created_at desc
Hibernate: 
    select
        u1_0.id,
        u1_0.created_at,
        u1_0.email,
        u1_0.email_verified,
        u1_0.first_name,
        u1_0.flat_no,
        u1_0.is_active,
        u1_0.last_name,
        u1_0.password,
        u1_0.phone,
        u1_0.role,
        u1_0.token_expires_at,
        u1_0.updated_at,
        u1_0.verification_token,
        u1_0.whatsapp_api_key 
    from
        users u1_0 
    where
        u1_0.email=?
Hibernate: 
    select
        u1_0.id,
        u1_0.created_at,
        u1_0.email,
        u1_0.email_verified,
        u1_0.first_name,
        u1_0.flat_no,
        u1_0.is_active,
        u1_0.last_name,
        u1_0.password,
        u1_0.phone,
        u1_0.role,
        u1_0.token_expires_at,
        u1_0.updated_at,
        u1_0.verification_token,
        u1_0.whatsapp_api_key 
    from
        users u1_0 
    where
        u1_0.email=?
Hibernate: 
    select
        u1_0.id,
        u1_0.created_at,
        u1_0.email,
        u1_0.email_verified,
        u1_0.first_name,
        u1_0.flat_no,
        u1_0.is_active,
        u1_0.last_name,
        u1_0.password,
        u1_0.phone,
        u1_0.role,
        u1_0.token_expires_at,
        u1_0.updated_at,
        u1_0.verification_token,
        u1_0.whatsapp_api_key 
    from
        users u1_0 
    where
        u1_0.email=?
Hibernate: 
    select
        ms1_0.id,
        ms1_0.amount,
        ms1_0.created_at,
        ms1_0.decided_by,
        ms1_0.decided_date,
        ms1_0.month,
        ms1_0.notes,
        ms1_0.updated_at,
        ms1_0.year 
    from
        maintenance_settings ms1_0 
    order by
        ms1_0.year desc,
        ms1_0.created_at desc
Hibernate: 
    select
        u1_0.id,
        u1_0.created_at,
        u1_0.email,
        u1_0.email_verified,
        u1_0.first_name,
        u1_0.flat_no,
        u1_0.is_active,
        u1_0.last_name,
        u1_0.password,
        u1_0.phone,
        u1_0.role,
        u1_0.token_expires_at,
        u1_0.updated_at,
        u1_0.verification_token,
        u1_0.whatsapp_api_key 
    from
        users u1_0 
    where
        u1_0.email=?
Hibernate: 
    select
        fd1_0.id,
        fd1_0.created_at,
        fd1_0.flat_no,
        fd1_0.is_occupied,
        fd1_0.notes,
        fd1_0.occupant_type,
        fd1_0.owner_email,
        fd1_0.owner_name,
        fd1_0.owner_phone,
        fd1_0.tenant_email,
        fd1_0.tenant_name,
        fd1_0.tenant_phone,
        fd1_0.updated_at 
    from
        flat_details fd1_0 
    order by
        fd1_0.flat_no
Hibernate: 
    select
        f1_0.id,
        f1_0.amount,
        f1_0.approved_by,
        f1_0.category,
        f1_0.created_at,
        f1_0.date,
        f1_0.description,
        f1_0.receipt_no,
        f1_0.received_from,
        f1_0.sub_category,
        f1_0.type 
    from
        funds f1_0 
    order by
        f1_0.date desc
Hibernate: 
    select
        u1_0.id,
        u1_0.created_at,
        u1_0.email,
        u1_0.email_verified,
        u1_0.first_name,
        u1_0.flat_no,
        u1_0.is_active,
        u1_0.last_name,
        u1_0.password,
        u1_0.phone,
        u1_0.role,
        u1_0.token_expires_at,
        u1_0.updated_at,
        u1_0.verification_token,
        u1_0.whatsapp_api_key 
    from
        users u1_0 
    where
        u1_0.email=?
Hibernate: 
    select
        ml1_0.id,
        ml1_0.created_at,
        ml1_0.duration_months,
        ml1_0.expected_return_date,
        ml1_0.flat_no,
        ml1_0.interest_rate,
        ml1_0.member_name,
        ml1_0.notes,
        ml1_0.outstanding_principal,
        ml1_0.principal_amount,
        ml1_0.start_date,
        ml1_0.status,
        ml1_0.total_interest_paid,
        ml1_0.total_principal_paid,
        ml1_0.updated_at 
    from
        member_loans ml1_0 
    order by
        ml1_0.start_date desc
Hibernate: 
    select
        m1_0.id,
        m1_0.amount,
        m1_0.created_at,
        m1_0.flat_no,
        m1_0.month,
        m1_0.notes,
        m1_0.paid_date,
        m1_0.paid_status,
        m1_0.payment_mode,
        m1_0.receipt_no,
        m1_0.resident_name,
        m1_0.updated_at,
        m1_0.year 
    from
        maintenance m1_0 
    order by
        m1_0.year desc,
        m1_0.created_at desc
Hibernate: 
    select
        u1_0.id,
        u1_0.created_at,
        u1_0.email,
        u1_0.email_verified,
        u1_0.first_name,
        u1_0.flat_no,
        u1_0.is_active,
        u1_0.last_name,
        u1_0.password,
        u1_0.phone,
        u1_0.role,
        u1_0.token_expires_at,
        u1_0.updated_at,
        u1_0.verification_token,
        u1_0.whatsapp_api_key 
    from
        users u1_0 
    where
        u1_0.email=?
Hibernate: 
    select
        u1_0.id,
        u1_0.created_at,
        u1_0.email,
        u1_0.email_verified,
        u1_0.first_name,
        u1_0.flat_no,
        u1_0.is_active,
        u1_0.last_name,
        u1_0.password,
        u1_0.phone,
        u1_0.role,
        u1_0.token_expires_at,
        u1_0.updated_at,
        u1_0.verification_token,
        u1_0.whatsapp_api_key 
    from
        users u1_0 
    where
        u1_0.email=?
Hibernate: 
    select
        u1_0.id,
        u1_0.created_at,
        u1_0.email,
        u1_0.email_verified,
        u1_0.first_name,
        u1_0.flat_no,
        u1_0.is_active,
        u1_0.last_name,
        u1_0.password,
        u1_0.phone,
        u1_0.role,
        u1_0.token_expires_at,
        u1_0.updated_at,
        u1_0.verification_token,
        u1_0.whatsapp_api_key 
    from
        users u1_0 
    where
        u1_0.email=?
Hibernate: 
    select
        u1_0.id,
        u1_0.created_at,
        u1_0.email,
        u1_0.email_verified,
        u1_0.first_name,
        u1_0.flat_no,
        u1_0.is_active,
        u1_0.last_name,
        u1_0.password,
        u1_0.phone,
        u1_0.role,
        u1_0.token_expires_at,
        u1_0.updated_at,
        u1_0.verification_token,
        u1_0.whatsapp_api_key 
    from
        users u1_0 
    where
        u1_0.email=?
Hibernate: 
    select
        ms1_0.id,
        ms1_0.amount,
        ms1_0.created_at,
        ms1_0.decided_by,
        ms1_0.decided_date,
        ms1_0.month,
        ms1_0.notes,
        ms1_0.updated_at,
        ms1_0.year 
    from
        maintenance_settings ms1_0 
    order by
        ms1_0.year desc,
        ms1_0.created_at desc
Hibernate: 
    select
        ml1_0.id,
        ml1_0.created_at,
        ml1_0.duration_months,
        ml1_0.expected_return_date,
        ml1_0.flat_no,
        ml1_0.interest_rate,
        ml1_0.member_name,
        ml1_0.notes,
        ml1_0.outstanding_principal,
        ml1_0.principal_amount,
        ml1_0.start_date,
        ml1_0.status,
        ml1_0.total_interest_paid,
        ml1_0.total_principal_paid,
        ml1_0.updated_at 
    from
        member_loans ml1_0 
    order by
        ml1_0.start_date desc
Hibernate: 
    select
        fd1_0.id,
        fd1_0.created_at,
        fd1_0.flat_no,
        fd1_0.is_occupied,
        fd1_0.notes,
        fd1_0.occupant_type,
        fd1_0.owner_email,
        fd1_0.owner_name,
        fd1_0.owner_phone,
        fd1_0.tenant_email,
        fd1_0.tenant_name,
        fd1_0.tenant_phone,
        fd1_0.updated_at 
    from
        flat_details fd1_0 
    order by
        fd1_0.flat_no
Hibernate: 
    select
        f1_0.id,
        f1_0.amount,
        f1_0.approved_by,
        f1_0.category,
        f1_0.created_at,
        f1_0.date,
        f1_0.description,
        f1_0.receipt_no,
        f1_0.received_from,
        f1_0.sub_category,
        f1_0.type 
    from
        funds f1_0 
    order by
        f1_0.date desc
Hibernate: 
    select
        u1_0.id,
        u1_0.created_at,
        u1_0.email,
        u1_0.email_verified,
        u1_0.first_name,
        u1_0.flat_no,
        u1_0.is_active,
        u1_0.last_name,
        u1_0.password,
        u1_0.phone,
        u1_0.role,
        u1_0.token_expires_at,
        u1_0.updated_at,
        u1_0.verification_token,
        u1_0.whatsapp_api_key 
    from
        users u1_0 
    where
        u1_0.email=?
Hibernate: 
    select
        u1_0.id,
        u1_0.created_at,
        u1_0.email,
        u1_0.email_verified,
        u1_0.first_name,
        u1_0.flat_no,
        u1_0.is_active,
        u1_0.last_name,
        u1_0.password,
        u1_0.phone,
        u1_0.role,
        u1_0.token_expires_at,
        u1_0.updated_at,
        u1_0.verification_token,
        u1_0.whatsapp_api_key 
    from
        users u1_0 
    where
        u1_0.email=?
Hibernate: 
    select
        e1_0.id,
        e1_0.created_at,
        e1_0.description,
        e1_0.estimated_budget,
        e1_0.event_date,
        e1_0.festival_link,
        e1_0.initiated_by,
        e1_0.location,
        e1_0.status,
        e1_0.title,
        e1_0.updated_at 
    from
        events e1_0 
    where
        e1_0.event_date>? 
    offset
        ? rows 
    fetch
        first ? rows only
Hibernate: 
    select
        u1_0.id,
        u1_0.created_at,
        u1_0.email,
        u1_0.email_verified,
        u1_0.first_name,
        u1_0.flat_no,
        u1_0.is_active,
        u1_0.last_name,
        u1_0.password,
        u1_0.phone,
        u1_0.role,
        u1_0.token_expires_at,
        u1_0.updated_at,
        u1_0.verification_token,
        u1_0.whatsapp_api_key 
    from
        users u1_0 
    where
        u1_0.email=?
Hibernate: 
    select
        u1_0.id,
        u1_0.created_at,
        u1_0.email,
        u1_0.email_verified,
        u1_0.first_name,
        u1_0.flat_no,
        u1_0.is_active,
        u1_0.last_name,
        u1_0.password,
        u1_0.phone,
        u1_0.role,
        u1_0.token_expires_at,
        u1_0.updated_at,
        u1_0.verification_token,
        u1_0.whatsapp_api_key 
    from
        users u1_0 
    where
        u1_0.email=?
Hibernate: 
    select
        e1_0.id,
        e1_0.created_at,
        e1_0.description,
        e1_0.estimated_budget,
        e1_0.event_date,
        e1_0.festival_link,
        e1_0.initiated_by,
        e1_0.location,
        e1_0.status,
        e1_0.title,
        e1_0.updated_at 
    from
        events e1_0 
    where
        e1_0.event_date>? 
    offset
        ? rows 
    fetch
        first ? rows only
Hibernate: 
    select
        u1_0.id,
        u1_0.created_at,
        u1_0.email,
        u1_0.email_verified,
        u1_0.first_name,
        u1_0.flat_no,
        u1_0.is_active,
        u1_0.last_name,
        u1_0.password,
        u1_0.phone,
        u1_0.role,
        u1_0.token_expires_at,
        u1_0.updated_at,
        u1_0.verification_token,
        u1_0.whatsapp_api_key 
    from
        users u1_0 
    where
        u1_0.email=?
Hibernate: 
    select
        m1_0.id,
        m1_0.amount,
        m1_0.created_at,
        m1_0.flat_no,
        m1_0.month,
        m1_0.notes,
        m1_0.paid_date,
        m1_0.paid_status,
        m1_0.payment_mode,
        m1_0.receipt_no,
        m1_0.resident_name,
        m1_0.updated_at,
        m1_0.year 
    from
        maintenance m1_0 
    order by
        m1_0.year desc,
        m1_0.created_at desc
Hibernate: 
    select
        u1_0.id,
        u1_0.created_at,
        u1_0.email,
        u1_0.email_verified,
        u1_0.first_name,
        u1_0.flat_no,
        u1_0.is_active,
        u1_0.last_name,
        u1_0.password,
        u1_0.phone,
        u1_0.role,
        u1_0.token_expires_at,
        u1_0.updated_at,
        u1_0.verification_token,
        u1_0.whatsapp_api_key 
    from
        users u1_0 
    where
        u1_0.email=?
Hibernate: 
    select
        u1_0.id,
        u1_0.created_at,
        u1_0.email,
        u1_0.email_verified,
        u1_0.first_name,
        u1_0.flat_no,
        u1_0.is_active,
        u1_0.last_name,
        u1_0.password,
        u1_0.phone,
        u1_0.role,
        u1_0.token_expires_at,
        u1_0.updated_at,
        u1_0.verification_token,
        u1_0.whatsapp_api_key 
    from
        users u1_0 
    where
        u1_0.email=?
Hibernate: 
    select
        u1_0.id,
        u1_0.created_at,
        u1_0.email,
        u1_0.email_verified,
        u1_0.first_name,
        u1_0.flat_no,
        u1_0.is_active,
        u1_0.last_name,
        u1_0.password,
        u1_0.phone,
        u1_0.role,
        u1_0.token_expires_at,
        u1_0.updated_at,
        u1_0.verification_token,
        u1_0.whatsapp_api_key 
    from
        users u1_0 
    where
        u1_0.email=?
Hibernate: 
    select
        u1_0.id,
        u1_0.created_at,
        u1_0.email,
        u1_0.email_verified,
        u1_0.first_name,
        u1_0.flat_no,
        u1_0.is_active,
        u1_0.last_name,
        u1_0.password,
        u1_0.phone,
        u1_0.role,
        u1_0.token_expires_at,
        u1_0.updated_at,
        u1_0.verification_token,
        u1_0.whatsapp_api_key 
    from
        users u1_0 
    where
        u1_0.email=?
Hibernate: 
    select
        ms1_0.id,
        ms1_0.amount,
        ms1_0.created_at,
        ms1_0.decided_by,
        ms1_0.decided_date,
        ms1_0.month,
        ms1_0.notes,
        ms1_0.updated_at,
        ms1_0.year 
    from
        maintenance_settings ms1_0 
    order by
        ms1_0.year desc,
        ms1_0.created_at desc
Hibernate: 
    select
        f1_0.id,
        f1_0.amount,
        f1_0.approved_by,
        f1_0.category,
        f1_0.created_at,
        f1_0.date,
        f1_0.description,
        f1_0.receipt_no,
        f1_0.received_from,
        f1_0.sub_category,
        f1_0.type 
    from
        funds f1_0 
    order by
        f1_0.date desc
Hibernate: 
    select
        fd1_0.id,
        fd1_0.created_at,
        fd1_0.flat_no,
        fd1_0.is_occupied,
        fd1_0.notes,
        fd1_0.occupant_type,
        fd1_0.owner_email,
        fd1_0.owner_name,
        fd1_0.owner_phone,
        fd1_0.tenant_email,
        fd1_0.tenant_name,
        fd1_0.tenant_phone,
        fd1_0.updated_at 
    from
        flat_details fd1_0 
    order by
        fd1_0.flat_no
Hibernate: 
    select
        ml1_0.id,
        ml1_0.created_at,
        ml1_0.duration_months,
        ml1_0.expected_return_date,
        ml1_0.flat_no,
        ml1_0.interest_rate,
        ml1_0.member_name,
        ml1_0.notes,
        ml1_0.outstanding_principal,
        ml1_0.principal_amount,
        ml1_0.start_date,
        ml1_0.status,
        ml1_0.total_interest_paid,
        ml1_0.total_principal_paid,
        ml1_0.updated_at 
    from
        member_loans ml1_0 
    order by
        ml1_0.start_date desc
Hibernate: 
    select
        u1_0.id,
        u1_0.created_at,
        u1_0.email,
        u1_0.email_verified,
        u1_0.first_name,
        u1_0.flat_no,
        u1_0.is_active,
        u1_0.last_name,
        u1_0.password,
        u1_0.phone,
        u1_0.role,
        u1_0.token_expires_at,
        u1_0.updated_at,
        u1_0.verification_token,
        u1_0.whatsapp_api_key 
    from
        users u1_0 
    where
        u1_0.email=?
Hibernate: 
    select
        m1_0.id,
        m1_0.amount,
        m1_0.created_at,
        m1_0.flat_no,
        m1_0.month,
        m1_0.notes,
        m1_0.paid_date,
        m1_0.paid_status,
        m1_0.payment_mode,
        m1_0.receipt_no,
        m1_0.resident_name,
        m1_0.updated_at,
        m1_0.year 
    from
        maintenance m1_0 
    order by
        m1_0.year desc,
        m1_0.created_at desc
Hibernate: 
    select
        u1_0.id,
        u1_0.created_at,
        u1_0.email,
        u1_0.email_verified,
        u1_0.first_name,
        u1_0.flat_no,
        u1_0.is_active,
        u1_0.last_name,
        u1_0.password,
        u1_0.phone,
        u1_0.role,
        u1_0.token_expires_at,
        u1_0.updated_at,
        u1_0.verification_token,
        u1_0.whatsapp_api_key 
    from
        users u1_0 
    where
        u1_0.email=?
Hibernate: 
    select
        u1_0.id,
        u1_0.created_at,
        u1_0.email,
        u1_0.email_verified,
        u1_0.first_name,
        u1_0.flat_no,
        u1_0.is_active,
        u1_0.last_name,
        u1_0.password,
        u1_0.phone,
        u1_0.role,
        u1_0.token_expires_at,
        u1_0.updated_at,
        u1_0.verification_token,
        u1_0.whatsapp_api_key 
    from
        users u1_0 
    where
        u1_0.email=?
Hibernate: 
    select
        u1_0.id,
        u1_0.created_at,
        u1_0.email,
        u1_0.email_verified,
        u1_0.first_name,
        u1_0.flat_no,
        u1_0.is_active,
        u1_0.last_name,
        u1_0.password,
        u1_0.phone,
        u1_0.role,
        u1_0.token_expires_at,
        u1_0.updated_at,
        u1_0.verification_token,
        u1_0.whatsapp_api_key 
    from
        users u1_0 
    where
        u1_0.email=?
Hibernate: 
    select
        u1_0.id,
        u1_0.created_at,
        u1_0.email,
        u1_0.email_verified,
        u1_0.first_name,
        u1_0.flat_no,
        u1_0.is_active,
        u1_0.last_name,
        u1_0.password,
        u1_0.phone,
        u1_0.role,
        u1_0.token_expires_at,
        u1_0.updated_at,
        u1_0.verification_token,
        u1_0.whatsapp_api_key 
    from
        users u1_0 
    where
        u1_0.email=?
Hibernate: 
    select
        f1_0.id,
        f1_0.amount,
        f1_0.approved_by,
        f1_0.category,
        f1_0.created_at,
        f1_0.date,
        f1_0.description,
        f1_0.receipt_no,
        f1_0.received_from,
        f1_0.sub_category,
        f1_0.type 
    from
        funds f1_0 
    order by
        f1_0.date desc
Hibernate: 
    select
        ms1_0.id,
        ms1_0.amount,
        ms1_0.created_at,
        ms1_0.decided_by,
        ms1_0.decided_date,
        ms1_0.month,
        ms1_0.notes,
        ms1_0.updated_at,
        ms1_0.year 
    from
        maintenance_settings ms1_0 
    order by
        ms1_0.year desc,
        ms1_0.created_at desc
Hibernate: 
    select
        fd1_0.id,
        fd1_0.created_at,
        fd1_0.flat_no,
        fd1_0.is_occupied,
        fd1_0.notes,
        fd1_0.occupant_type,
        fd1_0.owner_email,
        fd1_0.owner_name,
        fd1_0.owner_phone,
        fd1_0.tenant_email,
        fd1_0.tenant_name,
        fd1_0.tenant_phone,
        fd1_0.updated_at 
    from
        flat_details fd1_0 
    order by
        fd1_0.flat_no
Hibernate: 
    select
        ml1_0.id,
        ml1_0.created_at,
        ml1_0.duration_months,
        ml1_0.expected_return_date,
        ml1_0.flat_no,
        ml1_0.interest_rate,
        ml1_0.member_name,
        ml1_0.notes,
        ml1_0.outstanding_principal,
        ml1_0.principal_amount,
        ml1_0.start_date,
        ml1_0.status,
        ml1_0.total_interest_paid,
        ml1_0.total_principal_paid,
        ml1_0.updated_at 
    from
        member_loans ml1_0 
    order by
        ml1_0.start_date desc
Hibernate: 
    select
        m1_0.id,
        m1_0.action_items,
        m1_0.action_owners,
        m1_0.agenda_points,
        m1_0.attendees,
        m1_0.created_at,
        m1_0.date,
        m1_0.immediate_notify,
        m1_0.mom_points,
        m1_0.notification_sent,
        m1_0.notify_type,
        m1_0.recipients,
        m1_0.reminder_option,
        m1_0.reminder_sent,
        m1_0.status,
        m1_0.time,
        m1_0.title,
        m1_0.venue 
    from
        meetings m1_0 
    where
        not(m1_0.reminder_sent) 
        and m1_0.status<>?
Hibernate: 
    select
        u1_0.id,
        u1_0.created_at,
        u1_0.email,
        u1_0.email_verified,
        u1_0.first_name,
        u1_0.flat_no,
        u1_0.is_active,
        u1_0.last_name,
        u1_0.password,
        u1_0.phone,
        u1_0.role,
        u1_0.token_expires_at,
        u1_0.updated_at,
        u1_0.verification_token,
        u1_0.whatsapp_api_key 
    from
        users u1_0 
    where
        u1_0.email=?
Hibernate: 
    select
        i1_0.id,
        i1_0.assigned_to,
        i1_0.category,
        i1_0.created_at,
        i1_0.description,
        i1_0.flat_no,
        i1_0.priority,
        i1_0.reported_by,
        i1_0.resolution_notes,
        i1_0.resolved_at,
        i1_0.status,
        i1_0.updated_at 
    from
        issues i1_0 
    order by
        i1_0.created_at desc
Hibernate: 
    select
        u1_0.id,
        u1_0.created_at,
        u1_0.email,
        u1_0.email_verified,
        u1_0.first_name,
        u1_0.flat_no,
        u1_0.is_active,
        u1_0.last_name,
        u1_0.password,
        u1_0.phone,
        u1_0.role,
        u1_0.token_expires_at,
        u1_0.updated_at,
        u1_0.verification_token,
        u1_0.whatsapp_api_key 
    from
        users u1_0 
    where
        u1_0.email=?
Hibernate: 
    select
        i1_0.id,
        i1_0.assigned_to,
        i1_0.category,
        i1_0.created_at,
        i1_0.description,
        i1_0.flat_no,
        i1_0.priority,
        i1_0.reported_by,
        i1_0.resolution_notes,
        i1_0.resolved_at,
        i1_0.status,
        i1_0.updated_at 
    from
        issues i1_0 
    order by
        i1_0.created_at desc
Hibernate: 
    select
        u1_0.id,
        u1_0.created_at,
        u1_0.email,
        u1_0.email_verified,
        u1_0.first_name,
        u1_0.flat_no,
        u1_0.is_active,
        u1_0.last_name,
        u1_0.password,
        u1_0.phone,
        u1_0.role,
        u1_0.token_expires_at,
        u1_0.updated_at,
        u1_0.verification_token,
        u1_0.whatsapp_api_key 
    from
        users u1_0 
    where
        u1_0.email=?
Hibernate: 
    select
        m1_0.id,
        m1_0.action_items,
        m1_0.action_owners,
        m1_0.agenda_points,
        m1_0.attendees,
        m1_0.created_at,
        m1_0.date,
        m1_0.immediate_notify,
        m1_0.mom_points,
        m1_0.notification_sent,
        m1_0.notify_type,
        m1_0.recipients,
        m1_0.reminder_option,
        m1_0.reminder_sent,
        m1_0.status,
        m1_0.time,
        m1_0.title,
        m1_0.venue 
    from
        meetings m1_0 
    order by
        m1_0.date desc
Hibernate: 
    select
        u1_0.id,
        u1_0.created_at,
        u1_0.email,
        u1_0.email_verified,
        u1_0.first_name,
        u1_0.flat_no,
        u1_0.is_active,
        u1_0.last_name,
        u1_0.password,
        u1_0.phone,
        u1_0.role,
        u1_0.token_expires_at,
        u1_0.updated_at,
        u1_0.verification_token,
        u1_0.whatsapp_api_key 
    from
        users u1_0 
    where
        u1_0.email=?
Hibernate: 
    select
        u1_0.id,
        u1_0.created_at,
        u1_0.email,
        u1_0.email_verified,
        u1_0.first_name,
        u1_0.flat_no,
        u1_0.is_active,
        u1_0.last_name,
        u1_0.password,
        u1_0.phone,
        u1_0.role,
        u1_0.token_expires_at,
        u1_0.updated_at,
        u1_0.verification_token,
        u1_0.whatsapp_api_key 
    from
        users u1_0 
    where
        u1_0.email=?
Hibernate: 
    select
        u1_0.id,
        u1_0.created_at,
        u1_0.email,
        u1_0.email_verified,
        u1_0.first_name,
        u1_0.flat_no,
        u1_0.is_active,
        u1_0.last_name,
        u1_0.password,
        u1_0.phone,
        u1_0.role,
        u1_0.token_expires_at,
        u1_0.updated_at,
        u1_0.verification_token,
        u1_0.whatsapp_api_key 
    from
        users u1_0
Hibernate: 
    select
        m1_0.id,
        m1_0.action_items,
        m1_0.action_owners,
        m1_0.agenda_points,
        m1_0.attendees,
        m1_0.created_at,
        m1_0.date,
        m1_0.immediate_notify,
        m1_0.mom_points,
        m1_0.notification_sent,
        m1_0.notify_type,
        m1_0.recipients,
        m1_0.reminder_option,
        m1_0.reminder_sent,
        m1_0.status,
        m1_0.time,
        m1_0.title,
        m1_0.venue 
    from
        meetings m1_0 
    order by
        m1_0.date desc
Hibernate: 
    select
        u1_0.id,
        u1_0.created_at,
        u1_0.email,
        u1_0.email_verified,
        u1_0.first_name,
        u1_0.flat_no,
        u1_0.is_active,
        u1_0.last_name,
        u1_0.password,
        u1_0.phone,
        u1_0.role,
        u1_0.token_expires_at,
        u1_0.updated_at,
        u1_0.verification_token,
        u1_0.whatsapp_api_key 
    from
        users u1_0 
    where
        u1_0.email=?
Hibernate: 
    select
        u1_0.id,
        u1_0.created_at,
        u1_0.email,
        u1_0.email_verified,
        u1_0.first_name,
        u1_0.flat_no,
        u1_0.is_active,
        u1_0.last_name,
        u1_0.password,
        u1_0.phone,
        u1_0.role,
        u1_0.token_expires_at,
        u1_0.updated_at,
        u1_0.verification_token,
        u1_0.whatsapp_api_key 
    from
        users u1_0 
    where
        u1_0.email=?
Hibernate: 
    select
        u1_0.id,
        u1_0.created_at,
        u1_0.email,
        u1_0.email_verified,
        u1_0.first_name,
        u1_0.flat_no,
        u1_0.is_active,
        u1_0.last_name,
        u1_0.password,
        u1_0.phone,
        u1_0.role,
        u1_0.token_expires_at,
        u1_0.updated_at,
        u1_0.verification_token,
        u1_0.whatsapp_api_key 
    from
        users u1_0
Hibernate: 
    select
        u1_0.id,
        u1_0.created_at,
        u1_0.email,
        u1_0.email_verified,
        u1_0.first_name,
        u1_0.flat_no,
        u1_0.is_active,
        u1_0.last_name,
        u1_0.password,
        u1_0.phone,
        u1_0.role,
        u1_0.token_expires_at,
        u1_0.updated_at,
        u1_0.verification_token,
        u1_0.whatsapp_api_key 
    from
        users u1_0 
    where
        u1_0.email=?
Hibernate: 
    select
        u1_0.id,
        u1_0.created_at,
        u1_0.email,
        u1_0.email_verified,
        u1_0.first_name,
        u1_0.flat_no,
        u1_0.is_active,
        u1_0.last_name,
        u1_0.password,
        u1_0.phone,
        u1_0.role,
        u1_0.token_expires_at,
        u1_0.updated_at,
        u1_0.verification_token,
        u1_0.whatsapp_api_key 
    from
        users u1_0 
    where
        u1_0.email=?
Hibernate: 
    select
        f1_0.id,
        f1_0.amount,
        f1_0.approved_by,
        f1_0.category,
        f1_0.created_at,
        f1_0.date,
        f1_0.description,
        f1_0.receipt_no,
        f1_0.received_from,
        f1_0.sub_category,
        f1_0.type 
    from
        funds f1_0 
    order by
        f1_0.date desc
Hibernate: 
    select
        u1_0.id,
        u1_0.created_at,
        u1_0.email,
        u1_0.email_verified,
        u1_0.first_name,
        u1_0.flat_no,
        u1_0.is_active,
        u1_0.last_name,
        u1_0.password,
        u1_0.phone,
        u1_0.role,
        u1_0.token_expires_at,
        u1_0.updated_at,
        u1_0.verification_token,
        u1_0.whatsapp_api_key 
    from
        users u1_0 
    where
        u1_0.email=?
Hibernate: 
    select
        f1_0.id,
        f1_0.amount,
        f1_0.approved_by,
        f1_0.category,
        f1_0.created_at,
        f1_0.date,
        f1_0.description,
        f1_0.receipt_no,
        f1_0.received_from,
        f1_0.sub_category,
        f1_0.type 
    from
        funds f1_0 
    order by
        f1_0.date desc
Hibernate: 
    select
        u1_0.id,
        u1_0.created_at,
        u1_0.email,
        u1_0.email_verified,
        u1_0.first_name,
        u1_0.flat_no,
        u1_0.is_active,
        u1_0.last_name,
        u1_0.password,
        u1_0.phone,
        u1_0.role,
        u1_0.token_expires_at,
        u1_0.updated_at,
        u1_0.verification_token,
        u1_0.whatsapp_api_key 
    from
        users u1_0 
    where
        u1_0.email=?
Hibernate: 
    select
        c1_0.id,
        c1_0.alternate_phone,
        c1_0.available_hours,
        c1_0.block,
        c1_0.email,
        c1_0.is_active,
        c1_0.name,
        c1_0.notes,
        c1_0.phone,
        c1_0.role,
        c1_0.updated_at 
    from
        contacts c1_0 
    where
        c1_0.is_active 
    order by
        c1_0.role,
        c1_0.name
Hibernate: 
    select
        u1_0.id,
        u1_0.created_at,
        u1_0.email,
        u1_0.email_verified,
        u1_0.first_name,
        u1_0.flat_no,
        u1_0.is_active,
        u1_0.last_name,
        u1_0.password,
        u1_0.phone,
        u1_0.role,
        u1_0.token_expires_at,
        u1_0.updated_at,
        u1_0.verification_token,
        u1_0.whatsapp_api_key 
    from
        users u1_0 
    where
        u1_0.email=?
Hibernate: 
    select
        c1_0.id,
        c1_0.alternate_phone,
        c1_0.available_hours,
        c1_0.block,
        c1_0.email,
        c1_0.is_active,
        c1_0.name,
        c1_0.notes,
        c1_0.phone,
        c1_0.role,
        c1_0.updated_at 
    from
        contacts c1_0 
    where
        c1_0.is_active 
    order by
        c1_0.role,
        c1_0.name
Hibernate: 
    select
        u1_0.id,
        u1_0.created_at,
        u1_0.email,
        u1_0.email_verified,
        u1_0.first_name,
        u1_0.flat_no,
        u1_0.is_active,
        u1_0.last_name,
        u1_0.password,
        u1_0.phone,
        u1_0.role,
        u1_0.token_expires_at,
        u1_0.updated_at,
        u1_0.verification_token,
        u1_0.whatsapp_api_key 
    from
        users u1_0 
    where
        u1_0.email=?
Hibernate: 
    select
        cm1_0.id,
        cm1_0.created_at,
        cm1_0.email,
        cm1_0.flat_no,
        cm1_0.is_active,
        cm1_0.name,
        cm1_0.notes,
        cm1_0.phone,
        cm1_0.role,
        cm1_0.term_duration,
        cm1_0.term_end,
        cm1_0.term_start,
        cm1_0.updated_at 
    from
        committee_members cm1_0 
    order by
        cm1_0.role,
        cm1_0.term_start desc
Hibernate: 
    select
        u1_0.id,
        u1_0.created_at,
        u1_0.email,
        u1_0.email_verified,
        u1_0.first_name,
        u1_0.flat_no,
        u1_0.is_active,
        u1_0.last_name,
        u1_0.password,
        u1_0.phone,
        u1_0.role,
        u1_0.token_expires_at,
        u1_0.updated_at,
        u1_0.verification_token,
        u1_0.whatsapp_api_key 
    from
        users u1_0 
    where
        u1_0.email=?
Hibernate: 
    select
        cm1_0.id,
        cm1_0.created_at,
        cm1_0.email,
        cm1_0.flat_no,
        cm1_0.is_active,
        cm1_0.name,
        cm1_0.notes,
        cm1_0.phone,
        cm1_0.role,
        cm1_0.term_duration,
        cm1_0.term_end,
        cm1_0.term_start,
        cm1_0.updated_at 
    from
        committee_members cm1_0 
    order by
        cm1_0.role,
        cm1_0.term_start desc
Hibernate: 
    select
        u1_0.id,
        u1_0.created_at,
        u1_0.email,
        u1_0.email_verified,
        u1_0.first_name,
        u1_0.flat_no,
        u1_0.is_active,
        u1_0.last_name,
        u1_0.password,
        u1_0.phone,
        u1_0.role,
        u1_0.token_expires_at,
        u1_0.updated_at,
        u1_0.verification_token,
        u1_0.whatsapp_api_key 
    from
        users u1_0 
    where
        u1_0.email=?
Hibernate: 
    select
        a1_0.id,
        a1_0.body,
        a1_0.category,
        a1_0.created_at,
        a1_0.posted_by,
        a1_0.priority,
        a1_0.status,
        a1_0.title 
    from
        updates a1_0 
    order by
        a1_0.created_at desc
Hibernate: 
    select
        u1_0.id,
        u1_0.created_at,
        u1_0.email,
        u1_0.email_verified,
        u1_0.first_name,
        u1_0.flat_no,
        u1_0.is_active,
        u1_0.last_name,
        u1_0.password,
        u1_0.phone,
        u1_0.role,
        u1_0.token_expires_at,
        u1_0.updated_at,
        u1_0.verification_token,
        u1_0.whatsapp_api_key 
    from
        users u1_0 
    where
        u1_0.email=?
Hibernate: 
    select
        a1_0.id,
        a1_0.body,
        a1_0.category,
        a1_0.created_at,
        a1_0.posted_by,
        a1_0.priority,
        a1_0.status,
        a1_0.title 
    from
        updates a1_0 
    order by
        a1_0.created_at desc
Hibernate: 
    select
        m1_0.id,
        m1_0.action_items,
        m1_0.action_owners,
        m1_0.agenda_points,
        m1_0.attendees,
        m1_0.created_at,
        m1_0.date,
        m1_0.immediate_notify,
        m1_0.mom_points,
        m1_0.notification_sent,
        m1_0.notify_type,
        m1_0.recipients,
        m1_0.reminder_option,
        m1_0.reminder_sent,
        m1_0.status,
        m1_0.time,
        m1_0.title,
        m1_0.venue 
    from
        meetings m1_0 
    where
        not(m1_0.reminder_sent) 
        and m1_0.status<>?
Hibernate: 
    select
        u1_0.id,
        u1_0.created_at,
        u1_0.email,
        u1_0.email_verified,
        u1_0.first_name,
        u1_0.flat_no,
        u1_0.is_active,
        u1_0.last_name,
        u1_0.password,
        u1_0.phone,
        u1_0.role,
        u1_0.token_expires_at,
        u1_0.updated_at,
        u1_0.verification_token,
        u1_0.whatsapp_api_key 
    from
        users u1_0 
    where
        u1_0.email=?
Hibernate: 
    select
        u1_0.id,
        u1_0.created_at,
        u1_0.email,
        u1_0.email_verified,
        u1_0.first_name,
        u1_0.flat_no,
        u1_0.is_active,
        u1_0.last_name,
        u1_0.password,
        u1_0.phone,
        u1_0.role,
        u1_0.token_expires_at,
        u1_0.updated_at,
        u1_0.verification_token,
        u1_0.whatsapp_api_key 
    from
        users u1_0 
    where
        u1_0.email=?
Hibernate: 
    select
        u1_0.id 
    from
        users u1_0 
    where
        u1_0.email=? 
    fetch
        first ? rows only
Hibernate: 
    select
        m1_0.id,
        m1_0.action_items,
        m1_0.action_owners,
        m1_0.agenda_points,
        m1_0.attendees,
        m1_0.created_at,
        m1_0.date,
        m1_0.immediate_notify,
        m1_0.mom_points,
        m1_0.notification_sent,
        m1_0.notify_type,
        m1_0.recipients,
        m1_0.reminder_option,
        m1_0.reminder_sent,
        m1_0.status,
        m1_0.time,
        m1_0.title,
        m1_0.venue 
    from
        meetings m1_0 
    where
        not(m1_0.reminder_sent) 
        and m1_0.status<>?
Hibernate: 
    select
        u1_0.id,
        u1_0.created_at,
        u1_0.email,
        u1_0.email_verified,
        u1_0.first_name,
        u1_0.flat_no,
        u1_0.is_active,
        u1_0.last_name,
        u1_0.password,
        u1_0.phone,
        u1_0.role,
        u1_0.token_expires_at,
        u1_0.updated_at,
        u1_0.verification_token,
        u1_0.whatsapp_api_key 
    from
        users u1_0 
    where
        u1_0.email=?
Hibernate: 
    select
        u1_0.id,
        u1_0.created_at,
        u1_0.email,
        u1_0.email_verified,
        u1_0.first_name,
        u1_0.flat_no,
        u1_0.is_active,
        u1_0.last_name,
        u1_0.password,
        u1_0.phone,
        u1_0.role,
        u1_0.token_expires_at,
        u1_0.updated_at,
        u1_0.verification_token,
        u1_0.whatsapp_api_key 
    from
        users u1_0 
    where
        u1_0.email=?
Hibernate: 
    select
        u1_0.id,
        u1_0.created_at,
        u1_0.email,
        u1_0.email_verified,
        u1_0.first_name,
        u1_0.flat_no,
        u1_0.is_active,
        u1_0.last_name,
        u1_0.password,
        u1_0.phone,
        u1_0.role,
        u1_0.token_expires_at,
        u1_0.updated_at,
        u1_0.verification_token,
        u1_0.whatsapp_api_key 
    from
        users u1_0 
    where
        u1_0.email=?
Hibernate: 
    select
        u1_0.id,
        u1_0.created_at,
        u1_0.email,
        u1_0.email_verified,
        u1_0.first_name,
        u1_0.flat_no,
        u1_0.is_active,
        u1_0.last_name,
        u1_0.password,
        u1_0.phone,
        u1_0.role,
        u1_0.token_expires_at,
        u1_0.updated_at,
        u1_0.verification_token,
        u1_0.whatsapp_api_key 
    from
        users u1_0 
    where
        u1_0.email=?
Hibernate: 
    select
        u1_0.id,
        u1_0.created_at,
        u1_0.email,
        u1_0.email_verified,
        u1_0.first_name,
        u1_0.flat_no,
        u1_0.is_active,
        u1_0.last_name,
        u1_0.password,
        u1_0.phone,
        u1_0.role,
        u1_0.token_expires_at,
        u1_0.updated_at,
        u1_0.verification_token,
        u1_0.whatsapp_api_key 
    from
        users u1_0 
    where
        u1_0.email=?
Hibernate: 
    select
        u1_0.id,
        u1_0.created_at,
        u1_0.email,
        u1_0.email_verified,
        u1_0.first_name,
        u1_0.flat_no,
        u1_0.is_active,
        u1_0.last_name,
        u1_0.password,
        u1_0.phone,
        u1_0.role,
        u1_0.token_expires_at,
        u1_0.updated_at,
        u1_0.verification_token,
        u1_0.whatsapp_api_key 
    from
        users u1_0 
    where
        u1_0.email=?
Hibernate: 
    select
        u1_0.id,
        u1_0.created_at,
        u1_0.email,
        u1_0.email_verified,
        u1_0.first_name,
        u1_0.flat_no,
        u1_0.is_active,
        u1_0.last_name,
        u1_0.password,
        u1_0.phone,
        u1_0.role,
        u1_0.token_expires_at,
        u1_0.updated_at,
        u1_0.verification_token,
        u1_0.whatsapp_api_key 
    from
        users u1_0 
    where
        u1_0.email=?
Hibernate: 
    select
        u1_0.id,
        u1_0.created_at,
        u1_0.email,
        u1_0.email_verified,
        u1_0.first_name,
        u1_0.flat_no,
        u1_0.is_active,
        u1_0.last_name,
        u1_0.password,
        u1_0.phone,
        u1_0.role,
        u1_0.token_expires_at,
        u1_0.updated_at,
        u1_0.verification_token,
        u1_0.whatsapp_api_key 
    from
        users u1_0 
    where
        u1_0.email=?
Hibernate: 
    select
        u1_0.id,
        u1_0.created_at,
        u1_0.email,
        u1_0.email_verified,
        u1_0.first_name,
        u1_0.flat_no,
        u1_0.is_active,
        u1_0.last_name,
        u1_0.password,
        u1_0.phone,
        u1_0.role,
        u1_0.token_expires_at,
        u1_0.updated_at,
        u1_0.verification_token,
        u1_0.whatsapp_api_key 
    from
        users u1_0 
    where
        u1_0.email=?
Hibernate: 
    select
        u1_0.id,
        u1_0.created_at,
        u1_0.email,
        u1_0.email_verified,
        u1_0.first_name,
        u1_0.flat_no,
        u1_0.is_active,
        u1_0.last_name,
        u1_0.password,
        u1_0.phone,
        u1_0.role,
        u1_0.token_expires_at,
        u1_0.updated_at,
        u1_0.verification_token,
        u1_0.whatsapp_api_key 
    from
        users u1_0 
    where
        u1_0.email=?
Hibernate: 
    select
        u1_0.id,
        u1_0.created_at,
        u1_0.email,
        u1_0.email_verified,
        u1_0.first_name,
        u1_0.flat_no,
        u1_0.is_active,
        u1_0.last_name,
        u1_0.password,
        u1_0.phone,
        u1_0.role,
        u1_0.token_expires_at,
        u1_0.updated_at,
        u1_0.verification_token,
        u1_0.whatsapp_api_key 
    from
        users u1_0 
    where
        u1_0.email=?
Hibernate: 
    select
        u1_0.id,
        u1_0.created_at,
        u1_0.email,
        u1_0.email_verified,
        u1_0.first_name,
        u1_0.flat_no,
        u1_0.is_active,
        u1_0.last_name,
        u1_0.password,
        u1_0.phone,
        u1_0.role,
        u1_0.token_expires_at,
        u1_0.updated_at,
        u1_0.verification_token,
        u1_0.whatsapp_api_key 
    from
        users u1_0 
    where
        u1_0.email=?
Hibernate: 
    select
        u1_0.id,
        u1_0.created_at,
        u1_0.email,
        u1_0.email_verified,
        u1_0.first_name,
        u1_0.flat_no,
        u1_0.is_active,
        u1_0.last_name,
        u1_0.password,
        u1_0.phone,
        u1_0.role,
        u1_0.token_expires_at,
        u1_0.updated_at,
        u1_0.verification_token,
        u1_0.whatsapp_api_key 
    from
        users u1_0 
    where
        u1_0.email=?
Hibernate: 
    select
        u1_0.id,
        u1_0.created_at,
        u1_0.email,
        u1_0.email_verified,
        u1_0.first_name,
        u1_0.flat_no,
        u1_0.is_active,
        u1_0.last_name,
        u1_0.password,
        u1_0.phone,
        u1_0.role,
        u1_0.token_expires_at,
        u1_0.updated_at,
        u1_0.verification_token,
        u1_0.whatsapp_api_key 
    from
        users u1_0 
    where
        u1_0.email=?
Hibernate: 
    select
        u1_0.id,
        u1_0.created_at,
        u1_0.email,
        u1_0.email_verified,
        u1_0.first_name,
        u1_0.flat_no,
        u1_0.is_active,
        u1_0.last_name,
        u1_0.password,
        u1_0.phone,
        u1_0.role,
        u1_0.token_expires_at,
        u1_0.updated_at,
        u1_0.verification_token,
        u1_0.whatsapp_api_key 
    from
        users u1_0 
    where
        u1_0.email=?
Hibernate: 
    select
        u1_0.id,
        u1_0.created_at,
        u1_0.email,
        u1_0.email_verified,
        u1_0.first_name,
        u1_0.flat_no,
        u1_0.is_active,
        u1_0.last_name,
        u1_0.password,
        u1_0.phone,
        u1_0.role,
        u1_0.token_expires_at,
        u1_0.updated_at,
        u1_0.verification_token,
        u1_0.whatsapp_api_key 
    from
        users u1_0 
    where
        u1_0.email=?
Hibernate: 
    select
        u1_0.id,
        u1_0.created_at,
        u1_0.email,
        u1_0.email_verified,
        u1_0.first_name,
        u1_0.flat_no,
        u1_0.is_active,
        u1_0.last_name,
        u1_0.password,
        u1_0.phone,
        u1_0.role,
        u1_0.token_expires_at,
        u1_0.updated_at,
        u1_0.verification_token,
        u1_0.whatsapp_api_key 
    from
        users u1_0 
    where
        u1_0.email=?
Hibernate: 
    select
        u1_0.id,
        u1_0.created_at,
        u1_0.email,
        u1_0.email_verified,
        u1_0.first_name,
        u1_0.flat_no,
        u1_0.is_active,
        u1_0.last_name,
        u1_0.password,
        u1_0.phone,
        u1_0.role,
        u1_0.token_expires_at,
        u1_0.updated_at,
        u1_0.verification_token,
        u1_0.whatsapp_api_key 
    from
        users u1_0 
    where
        u1_0.email=?
Hibernate: 
    select
        u1_0.id,
        u1_0.created_at,
        u1_0.email,
        u1_0.email_verified,
        u1_0.first_name,
        u1_0.flat_no,
        u1_0.is_active,
        u1_0.last_name,
        u1_0.password,
        u1_0.phone,
        u1_0.role,
        u1_0.token_expires_at,
        u1_0.updated_at,
        u1_0.verification_token,
        u1_0.whatsapp_api_key 
    from
        users u1_0 
    where
        u1_0.email=?
Hibernate: 
    select
        u1_0.id,
        u1_0.created_at,
        u1_0.email,
        u1_0.email_verified,
        u1_0.first_name,
        u1_0.flat_no,
        u1_0.is_active,
        u1_0.last_name,
        u1_0.password,
        u1_0.phone,
        u1_0.role,
        u1_0.token_expires_at,
        u1_0.updated_at,
        u1_0.verification_token,
        u1_0.whatsapp_api_key 
    from
        users u1_0 
    where
        u1_0.email=?
Hibernate: 
    select
        u1_0.id,
        u1_0.created_at,
        u1_0.email,
        u1_0.email_verified,
        u1_0.first_name,
        u1_0.flat_no,
        u1_0.is_active,
        u1_0.last_name,
        u1_0.password,
        u1_0.phone,
        u1_0.role,
        u1_0.token_expires_at,
        u1_0.updated_at,
        u1_0.verification_token,
        u1_0.whatsapp_api_key 
    from
        users u1_0 
    where
        u1_0.email=?
Hibernate: 
    select
        u1_0.id,
        u1_0.created_at,
        u1_0.email,
        u1_0.email_verified,
        u1_0.first_name,
        u1_0.flat_no,
        u1_0.is_active,
        u1_0.last_name,
        u1_0.password,
        u1_0.phone,
        u1_0.role,
        u1_0.token_expires_at,
        u1_0.updated_at,
        u1_0.verification_token,
        u1_0.whatsapp_api_key 
    from
        users u1_0 
    where
        u1_0.email=?
Hibernate: 
    select
        u1_0.id,
        u1_0.created_at,
        u1_0.email,
        u1_0.email_verified,
        u1_0.first_name,
        u1_0.flat_no,
        u1_0.is_active,
        u1_0.last_name,
        u1_0.password,
        u1_0.phone,
        u1_0.role,
        u1_0.token_expires_at,
        u1_0.updated_at,
        u1_0.verification_token,
        u1_0.whatsapp_api_key 
    from
        users u1_0 
    where
        u1_0.email=?
Hibernate: 
    select
        u1_0.id,
        u1_0.created_at,
        u1_0.email,
        u1_0.email_verified,
        u1_0.first_name,
        u1_0.flat_no,
        u1_0.is_active,
        u1_0.last_name,
        u1_0.password,
        u1_0.phone,
        u1_0.role,
        u1_0.token_expires_at,
        u1_0.updated_at,
        u1_0.verification_token,
        u1_0.whatsapp_api_key 
    from
        users u1_0 
    where
        u1_0.email=?
Hibernate: 
    select
        u1_0.id,
        u1_0.created_at,
        u1_0.email,
        u1_0.email_verified,
        u1_0.first_name,
        u1_0.flat_no,
        u1_0.is_active,
        u1_0.last_name,
        u1_0.password,
        u1_0.phone,
        u1_0.role,
        u1_0.token_expires_at,
        u1_0.updated_at,
        u1_0.verification_token,
        u1_0.whatsapp_api_key 
    from
        users u1_0 
    where
        u1_0.email=?
Hibernate: 
    select
        u1_0.id,
        u1_0.created_at,
        u1_0.email,
        u1_0.email_verified,
        u1_0.first_name,
        u1_0.flat_no,
        u1_0.is_active,
        u1_0.last_name,
        u1_0.password,
        u1_0.phone,
        u1_0.role,
        u1_0.token_expires_at,
        u1_0.updated_at,
        u1_0.verification_token,
        u1_0.whatsapp_api_key 
    from
        users u1_0 
    where
        u1_0.email=?
Hibernate: 
    select
        u1_0.id,
        u1_0.created_at,
        u1_0.email,
        u1_0.email_verified,
        u1_0.first_name,
        u1_0.flat_no,
        u1_0.is_active,
        u1_0.last_name,
        u1_0.password,
        u1_0.phone,
        u1_0.role,
        u1_0.token_expires_at,
        u1_0.updated_at,
        u1_0.verification_token,
        u1_0.whatsapp_api_key 
    from
        users u1_0 
    where
        u1_0.email=?
Hibernate: 
    select
        u1_0.id,
        u1_0.created_at,
        u1_0.email,
        u1_0.email_verified,
        u1_0.first_name,
        u1_0.flat_no,
        u1_0.is_active,
        u1_0.last_name,
        u1_0.password,
        u1_0.phone,
        u1_0.role,
        u1_0.token_expires_at,
        u1_0.updated_at,
        u1_0.verification_token,
        u1_0.whatsapp_api_key 
    from
        users u1_0 
    where
        u1_0.email=?
Hibernate: 
    select
        u1_0.id,
        u1_0.created_at,
        u1_0.email,
        u1_0.email_verified,
        u1_0.first_name,
        u1_0.flat_no,
        u1_0.is_active,
        u1_0.last_name,
        u1_0.password,
        u1_0.phone,
        u1_0.role,
        u1_0.token_expires_at,
        u1_0.updated_at,
        u1_0.verification_token,
        u1_0.whatsapp_api_key 
    from
        users u1_0 
    where
        u1_0.email=?
Hibernate: 
    select
        u1_0.id,
        u1_0.created_at,
        u1_0.email,
        u1_0.email_verified,
        u1_0.first_name,
        u1_0.flat_no,
        u1_0.is_active,
        u1_0.last_name,
        u1_0.password,
        u1_0.phone,
        u1_0.role,
        u1_0.token_expires_at,
        u1_0.updated_at,
        u1_0.verification_token,
        u1_0.whatsapp_api_key 
    from
        users u1_0 
    where
        u1_0.email=?
Hibernate: 
    select
        u1_0.id,
        u1_0.created_at,
        u1_0.email,
        u1_0.email_verified,
        u1_0.first_name,
        u1_0.flat_no,
        u1_0.is_active,
        u1_0.last_name,
        u1_0.password,
        u1_0.phone,
        u1_0.role,
        u1_0.token_expires_at,
        u1_0.updated_at,
        u1_0.verification_token,
        u1_0.whatsapp_api_key 
    from
        users u1_0 
    where
        u1_0.email=?
Hibernate: 
    select
        u1_0.id,
        u1_0.created_at,
        u1_0.email,
        u1_0.email_verified,
        u1_0.first_name,
        u1_0.flat_no,
        u1_0.is_active,
        u1_0.last_name,
        u1_0.password,
        u1_0.phone,
        u1_0.role,
        u1_0.token_expires_at,
        u1_0.updated_at,
        u1_0.verification_token,
        u1_0.whatsapp_api_key 
    from
        users u1_0 
    where
        u1_0.email=?
Hibernate: 
    select
        u1_0.id,
        u1_0.created_at,
        u1_0.email,
        u1_0.email_verified,
        u1_0.first_name,
        u1_0.flat_no,
        u1_0.is_active,
        u1_0.last_name,
        u1_0.password,
        u1_0.phone,
        u1_0.role,
        u1_0.token_expires_at,
        u1_0.updated_at,
        u1_0.verification_token,
        u1_0.whatsapp_api_key 
    from
        users u1_0 
    where
        u1_0.email=?
Hibernate: 
    select
        u1_0.id,
        u1_0.created_at,
        u1_0.email,
        u1_0.email_verified,
        u1_0.first_name,
        u1_0.flat_no,
        u1_0.is_active,
        u1_0.last_name,
        u1_0.password,
        u1_0.phone,
        u1_0.role,
        u1_0.token_expires_at,
        u1_0.updated_at,
        u1_0.verification_token,
        u1_0.whatsapp_api_key 
    from
        users u1_0 
    where
        u1_0.email=?
Hibernate: 
    select
        u1_0.id,
        u1_0.created_at,
        u1_0.email,
        u1_0.email_verified,
        u1_0.first_name,
        u1_0.flat_no,
        u1_0.is_active,
        u1_0.last_name,
        u1_0.password,
        u1_0.phone,
        u1_0.role,
        u1_0.token_expires_at,
        u1_0.updated_at,
        u1_0.verification_token,
        u1_0.whatsapp_api_key 
    from
        users u1_0 
    where
        u1_0.email=?
Hibernate: 
    select
        u1_0.id,
        u1_0.created_at,
        u1_0.email,
        u1_0.email_verified,
        u1_0.first_name,
        u1_0.flat_no,
        u1_0.is_active,
        u1_0.last_name,
        u1_0.password,
        u1_0.phone,
        u1_0.role,
        u1_0.token_expires_at,
        u1_0.updated_at,
        u1_0.verification_token,
        u1_0.whatsapp_api_key 
    from
        users u1_0 
    where
        u1_0.email=?
Hibernate: 
    select
        u1_0.id,
        u1_0.created_at,
        u1_0.email,
        u1_0.email_verified,
        u1_0.first_name,
        u1_0.flat_no,
        u1_0.is_active,
        u1_0.last_name,
        u1_0.password,
        u1_0.phone,
        u1_0.role,
        u1_0.token_expires_at,
        u1_0.updated_at,
        u1_0.verification_token,
        u1_0.whatsapp_api_key 
    from
        users u1_0 
    where
        u1_0.email=?
Hibernate: 
    select
        u1_0.id,
        u1_0.created_at,
        u1_0.email,
        u1_0.email_verified,
        u1_0.first_name,
        u1_0.flat_no,
        u1_0.is_active,
        u1_0.last_name,
        u1_0.password,
        u1_0.phone,
        u1_0.role,
        u1_0.token_expires_at,
        u1_0.updated_at,
        u1_0.verification_token,
        u1_0.whatsapp_api_key 
    from
        users u1_0 
    where
        u1_0.email=?
Hibernate: 
    select
        u1_0.id,
        u1_0.created_at,
        u1_0.email,
        u1_0.email_verified,
        u1_0.first_name,
        u1_0.flat_no,
        u1_0.is_active,
        u1_0.last_name,
        u1_0.password,
        u1_0.phone,
        u1_0.role,
        u1_0.token_expires_at,
        u1_0.updated_at,
        u1_0.verification_token,
        u1_0.whatsapp_api_key 
    from
        users u1_0 
    where
        u1_0.email=?
Hibernate: 
    select
        u1_0.id,
        u1_0.created_at,
        u1_0.email,
        u1_0.email_verified,
        u1_0.first_name,
        u1_0.flat_no,
        u1_0.is_active,
        u1_0.last_name,
        u1_0.password,
        u1_0.phone,
        u1_0.role,
        u1_0.token_expires_at,
        u1_0.updated_at,
        u1_0.verification_token,
        u1_0.whatsapp_api_key 
    from
        users u1_0 
    where
        u1_0.email=?
Hibernate: 
    select
        u1_0.id 
    from
        users u1_0 
    where
        u1_0.email=? 
    fetch
        first ? rows only
Hibernate: 
    select
        m1_0.id,
        m1_0.action_items,
        m1_0.action_owners,
        m1_0.agenda_points,
        m1_0.attendees,
        m1_0.created_at,
        m1_0.date,
        m1_0.immediate_notify,
        m1_0.mom_points,
        m1_0.notification_sent,
        m1_0.notify_type,
        m1_0.recipients,
        m1_0.reminder_option,
        m1_0.reminder_sent,
        m1_0.status,
        m1_0.time,
        m1_0.title,
        m1_0.venue 
    from
        meetings m1_0 
    where
        not(m1_0.reminder_sent) 
        and m1_0.status<>?
Hibernate: 
    select
        m1_0.id,
        m1_0.action_items,
        m1_0.action_owners,
        m1_0.agenda_points,
        m1_0.attendees,
        m1_0.created_at,
        m1_0.date,
        m1_0.immediate_notify,
        m1_0.mom_points,
        m1_0.notification_sent,
        m1_0.notify_type,
        m1_0.recipients,
        m1_0.reminder_option,
        m1_0.reminder_sent,
        m1_0.status,
        m1_0.time,
        m1_0.title,
        m1_0.venue 
    from
        meetings m1_0 
    where
        not(m1_0.reminder_sent) 
        and m1_0.status<>?
Hibernate: 
    select
        m1_0.id,
        m1_0.action_items,
        m1_0.action_owners,
        m1_0.agenda_points,
        m1_0.attendees,
        m1_0.created_at,
        m1_0.date,
        m1_0.immediate_notify,
        m1_0.mom_points,
        m1_0.notification_sent,
        m1_0.notify_type,
        m1_0.recipients,
        m1_0.reminder_option,
        m1_0.reminder_sent,
        m1_0.status,
        m1_0.time,
        m1_0.title,
        m1_0.venue 
    from
        meetings m1_0 
    where
        not(m1_0.reminder_sent) 
        and m1_0.status<>?
Hibernate: 
    select
        m1_0.id,
        m1_0.action_items,
        m1_0.action_owners,
        m1_0.agenda_points,
        m1_0.attendees,
        m1_0.created_at,
        m1_0.date,
        m1_0.immediate_notify,
        m1_0.mom_points,
        m1_0.notification_sent,
        m1_0.notify_type,
        m1_0.recipients,
        m1_0.reminder_option,
        m1_0.reminder_sent,
        m1_0.status,
        m1_0.time,
        m1_0.title,
        m1_0.venue 
    from
        meetings m1_0 
    where
        not(m1_0.reminder_sent) 
        and m1_0.status<>?
Hibernate: 
    select
        m1_0.id,
        m1_0.action_items,
        m1_0.action_owners,
        m1_0.agenda_points,
        m1_0.attendees,
        m1_0.created_at,
        m1_0.date,
        m1_0.immediate_notify,
        m1_0.mom_points,
        m1_0.notification_sent,
        m1_0.notify_type,
        m1_0.recipients,
        m1_0.reminder_option,
        m1_0.reminder_sent,
        m1_0.status,
        m1_0.time,
        m1_0.title,
        m1_0.venue 
    from
        meetings m1_0 
    where
        not(m1_0.reminder_sent) 
        and m1_0.status<>?
Hibernate: 
    select
        m1_0.id,
        m1_0.action_items,
        m1_0.action_owners,
        m1_0.agenda_points,
        m1_0.attendees,
        m1_0.created_at,
        m1_0.date,
        m1_0.immediate_notify,
        m1_0.mom_points,
        m1_0.notification_sent,
        m1_0.notify_type,
        m1_0.recipients,
        m1_0.reminder_option,
        m1_0.reminder_sent,
        m1_0.status,
        m1_0.time,
        m1_0.title,
        m1_0.venue 
    from
        meetings m1_0 
    where
        not(m1_0.reminder_sent) 
        and m1_0.status<>?
Hibernate: 
    select
        u1_0.id,
        u1_0.created_at,
        u1_0.email,
        u1_0.email_verified,
        u1_0.first_name,
        u1_0.flat_no,
        u1_0.is_active,
        u1_0.last_name,
        u1_0.password,
        u1_0.phone,
        u1_0.role,
        u1_0.token_expires_at,
        u1_0.updated_at,
        u1_0.verification_token,
        u1_0.whatsapp_api_key 
    from
        users u1_0 
    where
        u1_0.email=?
Hibernate: 
    select
        u1_0.id,
        u1_0.created_at,
        u1_0.email,
        u1_0.email_verified,
        u1_0.first_name,
        u1_0.flat_no,
        u1_0.is_active,
        u1_0.last_name,
        u1_0.password,
        u1_0.phone,
        u1_0.role,
        u1_0.token_expires_at,
        u1_0.updated_at,
        u1_0.verification_token,
        u1_0.whatsapp_api_key 
    from
        users u1_0 
    where
        u1_0.email=?
